Workbook

Sheet ReadMe
A1: Gujarat PARAKH + PGI 2.0 / PGI-D - Comprehensive State & District Template
A3: Sheet | B3: Purpose
A4: Glossary | B4: How to fill every sheet — start here.
A5: Districts_Setup | B5: All 33 Gujarat districts, pre-filled. Edit once, everything updates.
A6: State_PGI_2.0 | B6: Gujarat state-level PGI 2.0, 101 indicators across 6 domains (out of 1000).
A7: District_PGI-D_600 | B7: District-wise PGI-D 2.0, 70 indicators across 6 categories (out of 600), all 33 districts.
A8: PARAKH_Foundational_G3 | B8: PARAKH Grade 3 competency mastery, all 33 districts.
A9: PARAKH_Preparatory_G6 | B9: PARAKH Grade 6 competency mastery, all 33 districts.
A10: PARAKH_Middle_G9 | B10: PARAKH Grade 9 competency mastery, all 33 districts.
A11: PARAKH_Subject_Performance | B11: Auto-computed average mastery per Grade-Subject, all districts.
A12: PARAKH_By_Gender | B12: Average performance split by Boys/Girls, all districts.
A13: PARAKH_By_Location | B13: Average performance split by Rural/Urban, all districts.
A14: PARAKH_By_Management | B14: Average performance split by school management type, all districts.
... A23: Combined_Performance_Ranking | B23: Merges PARAKH + PGI-D into one Composite Score, flags High/Low performing districts.
A25: Colour Key
A26: Blue text | B26: Editable input cell — type your data here
A27: Black text | B27: Formula — calculates automatically, do not overtype
A28: Light blue fill | B28: Domain subtotal
A29: Orange fill | B29: Category subtotal
A30: Yellow fill | B30: Grand total / overall score

Sheet Glossary
A1: Glossary - How to Fill Every Sheet in this Workbook
A3: 1. Core Frameworks & Sources
A4: PARAKH | B4: Performance Assessment, Review and Analysis of Knowledge for Holistic Development — NCERT's national assessment body; runs the PARAKH Rashtriya Sarvekshan (RS), testing Grades 3, 6 & 9.
A5: Stages | B5: Foundational = Grade 3, Preparatory = Grade 6, Middle = Grade 9 (NEP 2020 / NCF stage terminology used by PARAKH).
A6: PGI 2.0 (State) | B6: Performance Grading Index 2.0 — grades Gujarat out of 1000 points across 6 domains.
A7: PGI-D 2.0 (District) | B7: District-level equivalent — grades each district out of 600 points across 6 categories.
A8: UDISE+ / PRABANDH / PM-POSHAN | B8: Government data systems feeding most PGI/PGI-D indicators (infrastructure, enrolment, funds, nutrition).
A9: PARAKH Dashboard | B9: dashboard.parakh.ncert.gov.in — source for all PARAKH competency, breakdown and contextual-variable figures used in this workbook.
A11: 2. Districts_Setup
A12: Purpose | B12: Holds the master list of all 33 Gujarat districts. Pre-filled — only edit if your data source uses different boundaries (e.g. if Vav-Tharad is split out as a 34th district in your report).
A14: 3. State_PGI_2.0 (1000 points)
A15: What to enter | B15: In the blue cells (columns F, G, H), enter Gujarat's SCORE for each indicator — already on the 0-to-Weight point scale shown in column E, as per the official PGI scorecard.
A16: Domain totals/Grade | B16: Calculate automatically below the data — do not type into bold/coloured rows.
A17: Equity domain caution | B17: Domain 4 indicators measure GAPS between groups. A smaller gap earns a HIGHER score — read the note in column K for each row.
A19: 4. District_PGI-D_600 (600 points x 33 districts)
A20: What to enter | B20: Same logic as State_PGI_2.0, but one column per district (G through AM). Enter each district's awarded score (0 to the indicator's Weight).
A21: Category/Domain/Grand totals | B21: Calculate automatically in the summary block below the data, and again at the very bottom (Overall Score, % Achieved, Grade) — per district.
A23: 5. PARAKH_Foundational_G3 / Preparatory_G6 / Middle_G9
A24: What to enter | B24: For each competency (row) and district (column), enter the PROPORTION of tested students who mastered it, as a decimal 0–1 (e.g. 0.62 for 62%) — from the PARAKH RS district report or dashboard.
A25: National column | B25: Pre-filled with the National benchmark value from the PARAKH RS 2024 report; District Avg and subject-wise summaries calculate automatically.
A26: Stage grouping | B26: Foundational=Grade 3, Preparatory=Grade 6, Middle=Grade 9 — matches the PARAKH dashboard's own stage tabs.
A28: 6. PARAKH_Subject_Performance
A29: What to enter | B29: NOTHING — this sheet is 100% auto-calculated from the 3 stage sheets above. It shows each district's average mastery per Grade-Subject combination.
A31: 7. PARAKH_By_Gender / By_Location / By_Management / By_SocialGroup
A32: What to enter | B32: For each district (row) and each Grade-Subject (column group), enter the average % score for EACH category shown (e.g. Boys % and Girls % side by side), as a decimal 0–1.
A33: Where to find this | B33: PARAKH dashboard → select the relevant filter (Gender / Location / Management / Social Category) for Gujarat → read off each district's average score per grade-subject.
A34: Management categories | B34: State Govt, Govt Aided, Central Govt, Private Recognised — matches PARAKH's school-management classification.
A35: Social Group categories | B35: SC, ST, OBC, General/Others — matches PARAKH's social-category classification.
A37: 8. PARAKH_Contextual_School / Contextual_Teacher / Contextual_Pupil_G3/G6/G9
A38: What to enter | B38: One row per Broader Domain. For EACH district, there are two columns: High-Performing (%) and Low-Performing (%) — enter the proportion (0–1) of that district's High-Performing and Low-Performing schools reporting an issue/practice in this domain.
A39: Gujarat Avg columns | B39: Auto-calculated — average High-Performing % and average Low-Performing % across all 33 districts, for each domain.
A40: National column | B40: Optional — enter the National-level benchmark figure for that domain if available from the dashboard.
A41: Red highlight | B41: A district's Low-Performing value is highlighted red if it exceeds its own High-Performing value for that domain — flags domains where the high/low gap is in the expected (or unexpected) direction.
A42: Where to find this | B42: PARAKH dashboard → Contextual Variables tab (dashboard.parakh.ncert.gov.in). Aggregate the dashboard's individual variables into one score per Broader Domain, for both High- and Low-performing schools, per district.
A43: Broader Domains | B43: School: leadership & policy, training & PD, teaching & assessment, learning resources, parental/community engagement, school monitoring, student development & support, infrastructure/facilities, school environment. Teacher: professional info & experience, PD & collaboration, pedagogy & assessment, school environment & resources, social-emotional competence, job satisfaction, community support. Pupil: family background, digital device access, learning preferences, home learning environment, school environment, school accessibility/facilities, teaching-learning methods, mental health & well-being, CWSN accessibility.
A45: 9. Dashboard_PARAKH and Dashboard_PGI
A46: What to enter | B46: NOTHING — both dashboards are 100% auto-calculated and update live from the data-entry sheets above.
A47: Dashboard_PARAKH contents | B47: 1) Overall PARAKH mastery by district (Foundational/Preparatory/Middle + combined). 2) Subject-wise mastery heat-map. 3) Boys vs Girls performance & gap. 4) Rural vs Urban performance & gap. 5) Performance by school management type. 6) Performance by Social Group (SC/ST/OBC/General) with equity gaps. 7) Contextual Variables summary — High- vs Low-Performing schools, by questionnaire (School/Teacher/Pupil G3/G6/G9). Plus 4 charts visualising the above.
A49: 10. Combined_Performance_Ranking
A50: What to enter | B50: Only the two weight cells (B3, D3) if you want to change the default 50/50 weighting between PGI-D and PARAKH.
A51: How it works | B51: Composite Score = Weight(PGI-D) x PGI-D %Achieved + Weight(PARAKH) x PARAKH Overall Mastery %. Each district is then classified into a Performance Band (Low Performing → High Performing) and ranked.
A53: 11. Grading Scale (PGI/PGI-D)
A54: Akanshi-3 (0 - 10.9%) | B54: Lowest grade — needs urgent, system-level intervention
A55: Akanshi-2 (11 - 20.9%) | B55: Very low performance
A56: Akanshi-1 (21 - 30.9%) | B56: Low performance, aspiring to improve
A57: Prachesta-3 (31 - 40.9%) | B57: Early-stage effort visible
A58: Prachesta-2 (41 - 50.9%) | B58: Moderate effort, below average
A59: Prachesta-1 (51 - 60.9%) | B59: Approaching average performance
A60: Uttam (61 - 70.9%) | B60: Good / above-average performance
A61: Atti-Uttam (71 - 80.9%) | B61: Very good performance
A62: Utkarsh (81 - 90.9%) | B62: Excellent performance
A63: Daksh (91 - 100%) | B63: Highest grade — exemplary performance
A65: 12. Abbreviations
A66: CWSN | B66: Children With Special Needs
A67: CCE | B67: Continuous and Comprehensive Evaluation
A68: TLM | B68: Teaching Learning Material
A69: PTR | B69: Pupil Teacher Ratio
A70: NER | B70: Net Enrolment Ratio
A71: SMC | B71: School Management Committee
A72: SDMP | B72: School Disaster Management Plan
A73: SSSA | B73: State School Standards Authority
A74: OoSC | B74: Out-of-School Children
A75: NSQF | B75: National Skills Qualifications Framework
A76: TWAU | B76: The World Around Us (Grade 6 PARAKH subject)
A77: AWP | B77: Annual Work Plan (Samagra Shiksha)
... A79: HPC | B79: Holistic Progress Card (NEP 2020 assessment tool referenced in PARAKH contextual interventions)
A81: 13. Recommended Fill-In Order
A82: Step 1 | B82: Districts_Setup - confirm/edit the 33 district names.
A83: Step 2 | B83: State_PGI_2.0 - enter Gujarat's state-level scores.
A84: Step 3 | B84: District_PGI-D_600 - enter each district's scores.
A85: Step 4 | B85: PARAKH_Foundational_G3 / Preparatory_G6 / Middle_G9 - enter competency mastery per district.
A86: Step 5 | B86: PARAKH_By_Gender / By_Location / By_Management / By_SocialGroup - enter breakdown figures per district.
A87: Step 6 | B87: PARAKH_Contextual_School / Contextual_Teacher / Contextual_Pupil_G3/G6/G9 - enter domain-level scores per district.
A88: Step 7 | B88: Open Dashboard_PGI, Dashboard_PARAKH and Combined_Performance_Ranking to review results - all auto-calculated.

Sheet Districts_Setup
A1: Gujarat - All 33 Districts Covered in this Analysis
A2: Pre-filled with Gujarat's 33 districts (as per UDISE+/PARAKH administrative list). Edit names here ONLY if your dataset uses different district boundaries — every other sheet updates automatically.
A3: Si | B3: District Name | C3: Notes (optional)
A4: 1 | B4: Ahmedabad
A5: 2 | B5: Amreli
A6: 3 | B6: Anand
A7: 4 | B7: Aravalli
A8: 5 | B8: Banaskantha
A9: 6 | B9: Bharuch
A10: 7 | B10: Bhavnagar
A11: 8 | B11: Botad
A12: 9 | B12: Chhota Udepur
A13: 10 | B13: Dahod
A14: 11 | B14: Dang
A15: 12 | B15: Devbhoomi Dwarka
... A36: 33 | B36: Valsad

Sheet State_PGI_2.0
A1: Gujarat - State-level PGI 2.0 Data Entry (Annexure-3, Total 1000 points), Domain-wise
A2: Enter raw indicator scores. Domain totals, % Achieved and Grade calculate automatically. See column K for entry guidance.
A3: Domain | B3: Indicator # | C3: Indicator | D3: Data Source | E3: Weight | F3: 2022-23 | G3: 2023-24 | H3: 2024-25 | I3: % Achieved (2024-25) | J3: Grade (2024-25) | K3: How to Enter This Score
A4: Domain 1: Learning Outcomes and Quality (LO) - 240 | B4: 1.1 | C4: Learning Outcome in Language in Class 3 - All Schools | D4: PARAKH | E4: 30 | H4: 13.9 | I4: =IF(E4=0,0,H4/E4*100) -> 46.333333 | J4: =IFERROR(VLOOKUP(I4,Grading_Scale!$A$3:$B$12,2,TRUE()),"") -> Prachesta-2 | K4: Enter Gujarat's PARAKH-based score (0–30); higher = more students at/above grade-level proficiency. Source: PARAKH RS scorecard.
A5: Domain 1: Learning Outcomes and Quality (LO) - 240 | B5: 1.2 | C5: Learning Outcome in Mathematics in Class 3 - All Schools | D5: PARAKH | E5: 30 | H5: 11.5 | I5: =IF(E5=0,0,H5/E5*100) -> 38.333333 | J5: =IFERROR(VLOOKUP(I5,Grading_Scale!$A$3:$B$12,2,TRUE()),"") -> Prachesta-3
A6: Domain 1: Learning Outcomes and Quality (LO) - 240 | B6: 1.3 | C6: Learning Outcome in Language in Class 6 - All Schools | D6: PARAKH | E6: 30 | H6: 6.6 | I6: =IF(E6=0,0,H6/E6*100) -> 22 | J6: =IFERROR(VLOOKUP(I6,Grading_Scale!$A$3:$B$12,2,TRUE()),"") -> Akanshi-1
A7: Domain 1: Learning Outcomes and Quality (LO) - 240 | B7: 1.4 | C7: Learning Outcome in Mathematics in Class 6 - All Schools | D7: PARAKH | E7: 25 | H7: 5.9 | I7: =IF(E7=0,0,H7/E7*100) -> 23.6 | J7: =IFERROR(VLOOKUP(I7,Grading_Scale!$A$3:$B$12,2,TRUE()),"") -> Akanshi-1
A8: Domain 1: Learning Outcomes and Quality (LO) - 240 | B8: 1.5 | C8: Learning Outcome in TWAU (The World Around Us) in Class 6 - All Schools | D8: PARAKH | E8: 25 | H8: 6.6 | I8: =IF(E8=0,0,H8/E8*100) -> 26.4 | J8: =IFERROR(VLOOKUP(I8,Grading_Scale!$A$3:$B$12,2,TRUE()),"") -> Akanshi-1
A9: Domain 1: Learning Outcomes and Quality (LO) - 240 | B9: 1.6 | C9: Learning Outcome in Language in Class 9 - All Schools | D9: PARAKH | E9: 25 | H9: 6 | I9: =IF(E9=0,0,H9/E9*100) -> 24 | J9: =IFERROR(VLOOKUP(I9,Grading_Scale!$A$3:$B$12,2,TRUE()),"") -> Akanshi-1
A10: Domain 1: Learning Outcomes and Quality (LO) - 240 | B10: 1.7 | C10: Learning Outcome in Mathematics in Class 9 - All Schools | D10: PARAKH | E10: 25 | H10: 0.9 | I10: =IF(E10=0,0,H10/E10*100) -> 3.6 | J10: =IFERROR(VLOOKUP(I10,Grading_Scale!$A$3:$B$12,2,TRUE()),"") -> Akanshi-3
A11: Domain 1: Learning Outcomes and Quality (LO) - 240 | B11: 1.8 | C11: Learning Outcome in Science in Class 9 - All Schools | D11: PARAKH | E11: 25 | H11: 2.1 | I11: =IF(E11=0,0,H11/E11*100) -> 8.4 | J11: =IFERROR(VLOOKUP(I11,Grading_Scale!$A$3:$B$12,2,TRUE()),"") -> Akanshi-3
A12: Domain 1: Learning Outcomes and Quality (LO) - 240 | B12: 1.9 | C12: Learning Outcome in Social Science in Class 9 - All Schools | D12: PARAKH | E12: 25 | H12: 5 | I12: =IF(E12=0,0,H12/E12*100) -> 20 | J12: =IFERROR(VLOOKUP(I12,Grading_Scale!$A$3:$B$12,2,TRUE()),"") -> Akanshi-2
A13: Domain 2: Access (A) - 80 | B13: 2.1 | C13: Adjusted NER at Secondary level (All Schools) | D13: UDISE+ | E13: 10 | H13: 6.4 | I13: =IF(E13=0,0,H13/E13*100) -> 64 | J13: =IFERROR(VLOOKUP(I13,Grading_Scale!$A$3:$B$12,2,TRUE()),"") -> Uttam
A14: Domain 2: Access (A) - 80 | B14: 2.2 | C14: NER at Higher Secondary level (11-12) (All Schools) | D14: UDISE+ | E14: 10 | H14: 2.4 | I14: =IF(E14=0,0,H14/E14*100) -> 24 | J14: =IFERROR(VLOOKUP(I14,Grading_Scale!$A$3:$B$12,2,TRUE()),"") -> Akanshi-1
A15: Domain 2: Access (A) - 80 | B15: 2.3 | C15: Retention rate at Primary level (All Schools) | D15: UDISE+ | E15: 10 | H15: 10 | I15: =IF(E15=0,0,H15/E15*100) -> 100 | J15: =IFERROR(VLOOKUP(I15,Grading_Scale!$A$3:$B$12,2,TRUE()),"") -> Daksh
A16: Domain 2: Access (A) - 80 | B16: 2.4 | C16: Retention rate at Upper Primary level (All Schools) | D16: UDISE+ | E16: 10 | H16: 9.1 | I16: =IF(E16=0,0,H16/E16*100) -> 91 | J16: =IFERROR(VLOOKUP(I16,Grading_Scale!$A$3:$B$12,2,TRUE()),"") -> Utkarsh
... A104: Domain 6: Teacher Education & Training (TE&T) - 100 | B104: 6.8 | C104: Proportion of teachers with minimal professional qualifications - Higher Secondary | D104: UDISE+ | E104: 15 | H104: 14.5 | I104: =IF(E104=0,0,H104/E104*100) -> 96.666667 | J104: =IFERROR(VLOOKUP(I104,Grading_Scale!$A$3:$B$12,2,TRUE()),"") -> Daksh
A106: DOMAIN-WISE SUMMARY — GUJARAT STATE
A107: Domain | B107: Max Weight | C107: 2022-23 | D107: 2023-24 | E107: 2024-25 | F107: % Achieved (2024-25) | G107: Grade (2024-25)
A108: Domain 1: Learning Outcomes and Quality (LO) - 240 | B108: =SUM(E4:E12) -> 240 | C108: =SUM(F4:F12) -> 0 | D108: =SUM(G4:G12) -> 0 | E108: =SUM(H4:H12) -> 58.5 | F108: =IF(B108=0,0,E108/B108*100) -> 24.375 | G108: =IFERROR(VLOOKUP(F108,Grading_Scale!$A$3:$B$12,2,TRUE()),"") -> Akanshi-1
A109: Domain 2: Access (A) - 80 | B109: =SUM(E13:E20) -> 80 | C109: =SUM(F13:F20) -> 0 | D109: =SUM(G13:G20) -> 0 | E109: =SUM(H13:H20) -> 62.4 | F109: =IF(B109=0,0,E109/B109*100) -> 78 | G109: =IFERROR(VLOOKUP(F109,Grading_Scale!$A$3:$B$12,2,TRUE()),"") -> Atti-Uttam
A110: Domain 3: Infrastructure & Facilities (I&F) - 190 | B110: =SUM(E21:E44) -> 190 | C110: =SUM(F21:F44) -> 0 | D110: =SUM(G21:G44) -> 0 | E110: =SUM(H21:H44) -> 81.37 | F110: =IF(B110=0,0,E110/B110*100) -> 42.826316 | G110: =IFERROR(VLOOKUP(F110,Grading_Scale!$A$3:$B$12,2,TRUE()),"") -> Prachesta-2
A111: Domain 4: Equity (E) - 260 | B111: =SUM(E45:E80) -> 260 | C111: =SUM(F45:F80) -> 0 | D111: =SUM(G45:G80) -> 0 | E111: =SUM(H45:H80) -> 228 | F111: =IF(B111=0,0,E111/B111*100) -> 87.692308 | G111: =IFERROR(VLOOKUP(F111,Grading_Scale!$A$3:$B$12,2,TRUE()),"") -> Utkarsh
A112: Domain 5: Governance Processes (GP) - 130 | B112: =SUM(E81:E96) -> 130 | C112: =SUM(F81:F96) -> 0 | D112: =SUM(G81:G96) -> 0 | E112: =SUM(H81:H96) -> 78.4 | F112: =IF(B112=0,0,E112/B112*100) -> 60.307692 | G112: =IFERROR(VLOOKUP(F112,Grading_Scale!$A$3:$B$12,2,TRUE()),"") -> Prachesta-1
A113: Domain 6: Teacher Education & Training (TE&T) - 100 | B113: =SUM(E97:E104) -> 100 | C113: =SUM(F97:F104) -> 0 | D113: =SUM(G97:G104) -> 0 | E113: =SUM(H97:H104) -> 74.2 | F113: =IF(B113=0,0,E113/B113*100) -> 74.2 | G113: =IFERROR(VLOOKUP(F113,Grading_Scale!$A$3:$B$12,2,TRUE()),"") -> Atti-Uttam
A114: GUJARAT STATE — OVERALL PGI 2.0 SCORE | B114: =SUM(B108:B113) -> 1000 | C114: =SUM(C108:C113) -> 0 | D114: =SUM(D108:D113) -> 0 | E114: =SUM(E108:E113) -> 582.87 | F114: =IF(B114=0,0,E114/B114*100) -> 58.287 | G114: =IFERROR(VLOOKUP(F114,Grading_Scale!$A$3:$B$12,2,TRUE()),"") -> Prachesta-1

Sheet District_PGI-D_600
A1: Gujarat - District-wise PGI-D 2.0 Data Entry (Annexure-2, Total 600 points), All 33 Districts
A2: Enter raw indicator scores per district (blue cells). Category & Domain totals, % Achieved and Grade calculate automatically. District names pulled from Districts_Setup. See last column for entry guidance.
A3: Category | B3: Domain | C3: Ind. No. | D3: Indicator | E3: Data Source | F3: Weight | G3: =Districts_Setup!$B$4 -> Ahmedabad | H3: =Districts_Setup!$B$5 -> Amreli | I3: =Districts_Setup!$B$6 -> Anand | J3: =Districts_Setup!$B$7 -> Aravalli | K3: =Districts_Setup!$B$8 -> Banaskantha | L3: =Districts_Setup!$B$9 -> Bharuch | M3: =Districts_Setup!$B$10 -> Bhavnagar | N3: =Districts_Setup!$B$11 -> Botad | O3: =Districts_Setup!$B$12 -> Chhota Udepur | P3: =Districts_Setup!$B$13 -> Dahod | Q3: =Districts_Setup!$B$14 -> Dang | R3: =Districts_Setup!$B$15 -> Devbhoomi Dwarka | S3: =Districts_Setup!$B$16 -> Gandhinagar | T3: =Districts_Setup!$B$17 -> Gir Somnath | U3: =Districts_Setup!$B$18 -> Jamnagar | V3: =Districts_Setup!$B$19 -> Junagadh | W3: =Districts_Setup!$B$20 -> Kutch | X3: =Districts_Setup!$B$21 -> Kheda | Y3: =Districts_Setup!$B$22 -> Mahisagar | Z3: =Districts_Setup!$B$23 -> Mehsana | AA3: =Districts_Setup!$B$24 -> Morbi | AB3: =Districts_Setup!$B$25 -> Narmada | AC3: =Districts_Setup!$B$26 -> Navsari | AD3: =Districts_Setup!$B$27 -> Panchmahal | AE3: =Districts_Setup!$B$28 -> Patan | AF3: =Districts_Setup!$B$29 -> Porbandar | AG3: =Districts_Setup!$B$30 -> Rajkot | AH3: =Districts_Setup!$B$31 -> Sabarkantha | AI3: =Districts_Setup!$B$32 -> Surat | AJ3: =Districts_Setup!$B$33 -> Surendranagar | AK3: =Districts_Setup!$B$34 -> Tapi | AL3: =Districts_Setup!$B$35 -> Vadodara | AM3: =Districts_Setup!$B$36 -> Valsad | AN3: State Avg (33 Districts) | AO3: How to Enter This Score
A4: Category 1: Outcomes (290) | B4: 1.1 Learning Outcomes & Quality (LOQ) | C4: 1.1.1 | D4: % of children in Grade 3 who have achieved minimum proficiency in Language | E4: PRS/Parakh | F4: 20 | G4: 10.4 | H4: 8.47 | I4: 9.72 | J4: 7.72 | K4: 8.18 | L4: 9.62 | M4: 11.55 | N4: 9.76 | O4: 7.8 | P4: 10.56 | Q4: 10.69 | R4: 8.88 | S4: 11.65 | T4: 6.39 | U4: 5.78 | V4: 8.91 | W4: 7.62 | X4: 7.85 | Y4: 10.26 | Z4: 9.67 | AA4: 9.87 | AB4: 10.01 | AC4: 8.87 | AD4: 10.44 | AE4: 7.87 | AF4: 6.99 | AG4: 9.29 | AH4: 11.75 | AI4: 8.85 | AJ4: 10.61 | AK4: 10.88 | AL4: 7.65 | AM4: 9.77 | AN4: =IFERROR(AVERAGE(G4:AM4),0) -> 9.2221212 | AO4: Enter the score (0–20) awarded for this indicator under PGI-D, from RPS/NAS, UDISE+ or PRABANDH as shown in 'Data Source'.
A5: Category 1: Outcomes (290) | B5: 1.1 Learning Outcomes & Quality (LOQ) | C5: 1.1.2 | D5: % of children in Grade 3 who have achieved minimum proficiency in Mathematics | E5: PRS/Parakh | F5: 20 | G5: 9.12 | H5: 7.04 | I5: 7.62 | J5: 6.16 | K5: 6.44 | L5: 8 | M5: 10.07 | N5: 7.71 | O5: 6.51 | P5: 9.14 | Q5: 9.18 | R5: 7.38 | S5: 10.44 | T5: 5.24 | U5: 4.26 | V5: 6.67 | W5: 6.12 | X5: 6.14 | Y5: 8.23 | Z5: 8.07 | AA5: 7.88 | AB5: 8.46 | AC5: 6.97 | AD5: 9 | AE5: 6.23 | AF5: 5.39 | AG5: 7.56 | AH5: 10.74 | AI5: 6.87 | AJ5: 8.71 | AK5: 9.45 | AL5: 5.9 | AM5: 8.38 | AN5: =IFERROR(AVERAGE(G5:AM5),0) -> 7.6084848
A6: Category 1: Outcomes (290) | B6: 1.1 Learning Outcomes & Quality (LOQ) | C6: 1.1.3 | D6: % of children in Grade 6 who have achieved Grade level proficiency in Language | E6: PRS/Parakh | F6: 20 | G6: 4.3 | H6: 3.34 | I6: 4.89 | J6: 3.52 | K6: 4.29 | L6: 2.71 | M6: 4.55 | N6: 3.31 | O6: 2.94 | P6: 4.45 | Q6: 5.34 | R6: 5.61 | S6: 5.2 | T6: 3 | U6: 4.03 | V6: 5.17 | W6: 4.61 | X6: 3.32 | Y6: 3.55 | Z6: 4.62 | AA6: 3.96 | AB6: 3.51 | AC6: 4.04 | AD6: 4.64 | AE6: 4.64 | AF6: 4.21 | AG6: 4.04 | AH6: 3.84 | AI6: 5.18 | AJ6: 5.31 | AK6: 4.94 | AL6: 5.13 | AM6: 4.28 | AN6: =IFERROR(AVERAGE(G6:AM6),0) -> 4.2566667
A7: Category 1: Outcomes (290) | B7: 1.1 Learning Outcomes & Quality (LOQ) | C7: 1.1.4 | D7: % of children in Grade 6 who have achieved Grade level proficiency in Mathematics | E7: PRS/Parakh | F7: 20 | G7: 4.79 | H7: 2.72 | I7: 4.82 | J7: 3.54 | K7: 4.59 | L7: 2.88 | M7: 4.05 | N7: 3.55 | O7: 2.48 | P7: 5.54 | Q7: 3.31 | R7: 5.29 | S7: 5.65 | T7: 4.52 | U7: 4.32 | V7: 5.79 | W7: 4.54 | X7: 2.84 | Y7: 5.03 | Z7: 5.21 | AA7: 4.81 | AB7: 3.76 | AC7: 3.95 | AD7: 5.36 | AE7: 4.81 | AF7: 3.47 | AG7: 4.84 | AH7: 4.43 | AI7: 5.53 | AJ7: 5.92 | AK7: 5.08 | AL7: 5.24 | AM7: 4.22 | AN7: =IFERROR(AVERAGE(G7:AM7),0) -> 4.4509091
A8: Category 1: Outcomes (290) | B8: 1.1 Learning Outcomes & Quality (LOQ) | C8: 1.1.5 | D8: % of children in Grade 6 who have achieved Grade level proficiency in The World Around Us | E8: PRS/Parakh | F8: 20 | G8: 5.53 | H8: 3.92 | I8: 5.64 | J8: 4.31 | K8: 5.18 | L8: 3.49 | M8: 5.43 | N8: 4 | O8: 3.72 | P8: 5.63 | Q8: 6.07 | R8: 6.16 | S8: 6.47 | T8: 3.82 | U8: 5.25 | V8: 5.97 | W8: 5.2 | X8: 4.34 | Y8: 4.76 | Z8: 5.55 | AA8: 4.85 | AB8: 4.39 | AC8: 5.12 | AD8: 5.63 | AE8: 5.58 | AF8: 5.15 | AG8: 5.06 | AH8: 4.86 | AI8: 6.01 | AJ8: 6.49 | AK8: 6.36 | AL8: 5.87 | AM8: 4.77 | AN8: =IFERROR(AVERAGE(G8:AM8),0) -> 5.1690909
A9: Category 1: Outcomes (290) | B9: 1.1 Learning Outcomes & Quality (LOQ) | C9: 1.1.6 | D9: % of children in Grade 9 who have achieved Grade level proficiency in Language | E9: PRS/Parakh | F9: 20 | G9: 4.27 | H9: 3.86 | I9: 4.26 | J9: 3.23 | K9: 4.36 | L9: 4.8 | M9: 5.64 | N9: 3.55 | O9: 2.72 | P9: 1.88 | Q9: 2.79 | R9: 5.93 | S9: 7.67 | T9: 3.55 | U9: 5.54 | V9: 5.1 | W9: 5.88 | X9: 3.39 | Y9: 3.25 | Z9: 4.51 | AA9: 4.08 | AB9: 4.36 | AC9: 6.07 | AD9: 3.13 | AE9: 4.37 | AF9: 4.25 | AG9: 5.96 | AH9: 4.33 | AI9: 6.49 | AJ9: 3.58 | AK9: 5.37 | AL9: 6.86 | AM9: 5.37 | AN9: =IFERROR(AVERAGE(G9:AM9),0) -> 4.5575758
A10: Category 1: Outcomes (290) | B10: 1.1 Learning Outcomes & Quality (LOQ) | C10: 1.1.7 | D10: % of children in Grade 9 who have achieved Grade level proficiency in Mathematics | E10: PRS/Parakh | F10: 20 | G10: 0.91 | H10: 0.23 | I10: 0.34 | J10: 0.22 | K10: 0.35 | L10: 0.93 | M10: 0.3 | N10: 0.11 | O10: 0.14 | P10: 0.32 | Q10: 0.03 | R10: 0.34 | S10: 1.39 | T10: 0.47 | U10: 0.77 | V10: 0.41 | W10: 0.99 | X10: 0.31 | Y10: 0.29 | Z10: 0.6 | AA10: 0.14 | AB10: 0.15 | AC10: 0.71 | AD10: 0.26 | AE10: 0.6 | AF10: 0.21 | AG10: 0.83 | AH10: 0.52 | AI10: 1.23 | AJ10: 0.34 | AK10: 0.35 | AL10: 1.89 | AM10: 0.81 | AN10: =IFERROR(AVERAGE(G10:AM10),0) -> 0.53
A11: Category 1: Outcomes (290) | B11: 1.1 Learning Outcomes & Quality (LOQ) | C11: 1.1.8 | D11: % of children in Grade 9 who have achieved Grade level proficiency in Science | E11: PRS/Parakh | F11: 20 | G11: 1.82 | H11: 0.78 | I11: 1.22 | J11: 0.87 | K11: 0.96 | L11: 1.79 | M11: 1.37 | N11: 0.66 | O11: 0.47 | P11: 0.57 | Q11: 0.3 | R11: 1.48 | S11: 3.14 | T11: 1.22 | U11: 1.9 | V11: 1.49 | W11: 2.3 | X11: 0.88 | Y11: 0.79 | Z11: 1.49 | AA11: 0.76 | AB11: 0.84 | AC11: 2.16 | AD11: 0.81 | AE11: 1.47 | AF11: 0.84 | AG11: 2.02 | AH11: 1.25 | AI11: 2.49 | AJ11: 0.96 | AK11: 1.43 | AL11: 3.49 | AM11: 2.29 | AN11: =IFERROR(AVERAGE(G11:AM11),0) -> 1.4033333
A12: Category 1: Outcomes (290) | B12: 1.1 Learning Outcomes & Quality (LOQ) | C12: 1.1.9 | D12: % of children in Grade 9 who have achieved Grade level proficiency in Social Science | E12: PRS/Parakh | F12: 20 | G12: 3.33 | H12: 3.58 | I12: 3.23 | J12: 2.56 | K12: 3.46 | L12: 3.8 | M12: 4.96 | N12: 3.06 | O12: 2.4 | P12: 1.41 | Q12: 2.59 | R12: 4.86 | S12: 6.56 | T12: 2.92 | U12: 4.67 | V12: 4.54 | W12: 4.47 | X12: 2.55 | Y12: 2.17 | Z12: 3.76 | AA12: 3.43 | AB12: 3.09 | AC12: 5.06 | AD12: 2.54 | AE12: 3.58 | AF12: 3.15 | AG12: 5.09 | AH12: 3.49 | AI12: 5.56 | AJ12: 2.93 | AK12: 4.37 | AL12: 5.83 | AM12: 4.6 | AN12: =IFERROR(AVERAGE(G12:AM12),0) -> 3.7454545
A13: Category 1: Outcomes (290) | B13: 1.2 Access Outcomes (AO) | C13: 1.2.1 | D13: % of children in Grade 1 who have attended at least one year of pre-primary schooling | E13: UDISE+ | F13: 20 | G13: 17.43 | H13: 18.99 | I13: 19.29 | J13: 18.65 | K13: 18.57 | L13: 18.52 | M13: 18.8 | N13: 19.31 | O13: 18.75 | P13: 18.37 | Q13: 19.66 | R13: 18.68 | S13: 17.75 | T13: 19.2 | U13: 17.59 | V13: 18.94 | W13: 18.11 | X13: 19.25 | Y13: 19.14 | Z13: 18.8 | AA13: 18 | AB13: 19.37 | AC13: 19.34 | AD13: 19.15 | AE13: 18.77 | AF13: 18.67 | AG13: 17.96 | AH13: 18.43 | AI13: 17.54 | AJ13: 18.99 | AK13: 19.12 | AL13: 18.44 | AM13: 18.76 | AN13: =IFERROR(AVERAGE(G13:AM13),0) -> 18.67697
A14: Category 1: Outcomes (290) | B14: 1.2 Access Outcomes (AO) | C14: 1.2.3 | D14: Transition Rate from : 1. Primary to Upper Primary (Class 5 to Class 6) | E14: UDISE+ | F14: 5 | G14: 4.82 | H14: 4.83 | I14: 4.86 | J14: 4.87 | K14: 4.47 | L14: 4.81 | M14: 4.74 | N14: 4.86 | O14: 4.43 | P14: 4.58 | Q14: 4.53 | R14: 4.72 | S14: 4.94 | T14: 4.83 | U14: 4.77 | V14: 4.99 | W14: 4.44 | X14: 4.9 | Y14: 4.88 | Z14: 4.84 | AA14: 4.82 | AB14: 4.73 | AC14: 4.91 | AD14: 4.85 | AE14: 4.47 | AF14: 4.98 | AG14: 4.85 | AH14: 4.83 | AI14: 4.84 | AJ14: 4.7 | AK14: 4.81 | AL14: 4.91 | AM14: 4.74 | AN14: =IFERROR(AVERAGE(G14:AM14),0) -> 4.7742424
A15: Category 1: Outcomes (290) | B15: 1.2 Access Outcomes (AO) | C15: 1.2.4 | D15: Transition Rate from : 2. Upper Primary to Secondary (Class 8 to Class 9) | E15: UDISE+ | F15: 5 | G15: 4.23 | H15: 4.11 | I15: 4.39 | J15: 4.58 | K15: 3.86 | L15: 4.38 | M15: 4.29 | N15: 4.16 | O15: 3.87 | P15: 3.92 | Q15: 3.38 | R15: 3.81 | S15: 5 | T15: 4.19 | U15: 4.11 | V15: 4.74 | W15: 3.48 | X15: 4.38 | Y15: 4.61 | Z15: 4.5 | AA15: 4.11 | AB15: 3.99 | AC15: 5 | AD15: 4.21 | AE15: 3.85 | AF15: 4.43 | AG15: 4.55 | AH15: 4.2 | AI15: 4.43 | AJ15: 3.74 | AK15: 3.77 | AL15: 4.5 | AM15: 4.17 | AN15: =IFERROR(AVERAGE(G15:AM15),0) -> 4.210303
A16: Category 1: Outcomes (290) | B16: 1.2 Access Outcomes (AO) | C16: 1.2.5 | D16: Retention Rate till Elementary Level (New enrollment in Class 8 in year t+7 / Enrollment in Class 1 in year t) | E16: UDISE+ | F16: 10 | G16: 9.14 | H16: 8.86 | I16: 9.75 | J16: 9.72 | K16: 8.57 | L16: 9.21 | M16: 8.97 | N16: 9.71 | O16: 7.92 | P16: 8.01 | Q16: 8.07 | R16: 8.71 | S16: 9.45 | T16: 9.12 | U16: 8.36 | V16: 9.75 | W16: 8.29 | X16: 9.68 | Y16: 9.53 | Z16: 9.41 | AA16: 8.7 | AB16: 8.99 | AC16: 9.67 | AD16: 9.58 | AE16: 9.04 | AF16: 8.66 | AG16: 8.79 | AH16: 8.88 | AI16: 9.34 | AJ16: 8.64 | AK16: 9.54 | AL16: 9.59 | AM16: 8.97 | AN16: =IFERROR(AVERAGE(G16:AM16),0) -> 9.0490909
... A43: Category 2: Effective Classroom Transaction (90) | B43: 2.2 Learning Enrichment Activities (LEA) | C43: 2.2.11 | D43: School Development and Management Committee have been Constituted as per Samagra Shiksha guidelines | E43: UDISE+ | F43: 4 | G43: 0.63 | H43: 0.4 | I43: 0.4 | J43: 0.31 | K43: 0.34 | L43: 0.44 | M43: 0.44 | N43: 0.71 | O43: 0.29 | P43: 0.38 | Q43: 0.48 | R43: 0.41 | S43: 0.4 | T43: 0.41 | U43: 0.36 | V43: 0.45 | W43: 0.46 | X43: 0.28 | Y43: 0.39 | Z43: 0.49 | AA43: 0.44 | AB43: 0.48 | AC43: 0.26 | AD43: 0.31 | AE43: 0.44 | AF43: 0.45 | AG43: 0.42 | AH43: 0.56 | AI43: 0.33 | AJ43: 0.53 | AK43: 0.37 | AL43: 0.41 | AM43: 0.44 | AN43: =IFERROR(AVERAGE(G43:AM43),0) -> 0.42151515
A44: Category 3: Infrastructure, Facilities & Student Entitlements (51) | B44: 3. Infrastructure & Entitlements | C44: 3.1 | D44: % of Elementary Level schools getting Free Textbooks within one month of start of academic year | E44: UDISE+ | F44: 10 | G44: 9.36 | H44: 9.73 | I44: 9.8 | J44: 9.73 | K44: 9.78 | L44: 9.65 | M44: 9.64 | N44: 9.4 | O44: 9.15 | P44: 9.43 | Q44: 9.58 | R44: 9.46 | S44: 9.6 | T44: 9.82 | U44: 9.5 | V44: 9.67 | W44: 9.53 | X44: 9.68 | Y44: 9.68 | Z44: 9.76 | AA44: 9.73 | AB44: 9.66 | AC44: 9.86 | AD44: 9.75 | AE44: 9.78 | AF44: 9.61 | AG44: 9.66 | AH44: 9.79 | AI44: 9.49 | AJ44: 9.69 | AK44: 9.63 | AL44: 9.7 | AM44: 9.63 | AN44: =IFERROR(AVERAGE(G44:AM44),0) -> 9.6342424
A45: Category 3: Infrastructure, Facilities & Student Entitlements (51) | B45: 3. Infrastructure & Entitlements | C45: 3.2 | D45: % of Elementary Level Schools getting Uniforms within one month of the start of academic year | E45: UDISE+ | F45: 10 | G45: 5.23 | H45: 5.36 | I45: 6.1 | J45: 5.99 | K45: 5.2 | L45: 4.58 | M45: 4.83 | N45: 5.08 | O45: 5.38 | P45: 2.96 | Q45: 4.91 | R45: 5.21 | S45: 5.94 | T45: 5.99 | U45: 2.57 | V45: 5.3 | W45: 3.89 | X45: 5.44 | Y45: 5.16 | Z45: 5.58 | AA45: 5.2 | AB45: 6.19 | AC45: 4.71 | AD45: 4.26 | AE45: 5.65 | AF45: 4.85 | AG45: 4.83 | AH45: 6.18 | AI45: 5.07 | AJ45: 5.8 | AK45: 5.48 | AL45: 5.74 | AM45: 4.71 | AN45: =IFERROR(AVERAGE(G45:AM45),0) -> 5.1324242
A46: Category 3: Infrastructure, Facilities & Student Entitlements (51) | B46: 3. Infrastructure & Entitlements | C46: 3.3 | D46: % of entitled CWSN who have received aids and appliances (Govt. and aided schools) | E46: UDISE+ | F46: 5 | G46: 1.77 | H46: 1.57 | I46: 2.39 | J46: 1.99 | K46: 1.69 | L46: 2.09 | M46: 1.85 | N46: 3.14 | O46: 1.46 | P46: 1.27 | Q46: 1.37 | R46: 1.23 | S46: 2.05 | T46: 1.58 | U46: 2.45 | V46: 2.05 | W46: 1.86 | X46: 2.48 | Y46: 2.03 | Z46: 2.34 | AA46: 1.64 | AB46: 1.5 | AC46: 1.78 | AD46: 2.21 | AE46: 2.18 | AF46: 1.63 | AG46: 2.25 | AH46: 2.3 | AI46: 2.11 | AJ46: 2.05 | AK46: 2.61 | AL46: 2.27 | AM46: 1.76 | AN46: =IFERROR(AVERAGE(G46:AM46),0) -> 1.9681818
A47: Category 3: Infrastructure, Facilities & Student Entitlements (51) | B47: 3. Infrastructure & Entitlements | C47: 3.4 | D47: Library and/ or Reading Corner | E47: UDISE+ | F47: 4 | G47: 3.64 | H47: 3.89 | I47: 3.88 | J47: 3.98 | K47: 3.89 | L47: 3.83 | M47: 3.92 | N47: 3.93 | O47: 3.95 | P47: 3.88 | Q47: 3.94 | R47: 3.84 | S47: 3.73 | T47: 3.78 | U47: 3.73 | V47: 3.8 | W47: 3.87 | X47: 3.9 | Y47: 3.94 | Z47: 3.92 | AA47: 3.92 | AB47: 3.96 | AC47: 3.91 | AD47: 3.89 | AE47: 3.83 | AF47: 3.9 | AG47: 3.72 | AH47: 3.91 | AI47: 3.64 | AJ47: 3.83 | AK47: 3.95 | AL47: 3.94 | AM47: 3.8 | AN47: =IFERROR(AVERAGE(G47:AM47),0) -> 3.8618182
A48: Category 3: Infrastructure, Facilities & Student Entitlements (51) | B48: 3. Infrastructure & Entitlements | C48: 3.5 | D48: Ramp with railing | E48: UDISE+ | F48: 4 | G48: 2.24 | H48: 2.92 | I48: 2.48 | J48: 2.98 | K48: 2.73 | L48: 2.85 | M48: 2.52 | N48: 2.17 | O48: 2.83 | P48: 2.55 | Q48: 3.4 | R48: 2.7 | S48: 2.14 | T48: 2.16 | U48: 1.89 | V48: 2.3 | W48: 2.09 | X48: 2.77 | Y48: 2.75 | Z48: 2.58 | AA48: 2.32 | AB48: 2.39 | AC48: 3.15 | AD48: 2.59 | AE48: 2.92 | AF48: 2.73 | AG48: 1.91 | AH48: 2.55 | AI48: 1.82 | AJ48: 2.25 | AK48: 2.87 | AL48: 2.33 | AM48: 2.74 | AN48: =IFERROR(AVERAGE(G48:AM48),0) -> 2.5339394
A49: Category 3: Infrastructure, Facilities & Student Entitlements (51) | B49: 3. Infrastructure & Entitlements | C49: 3.6 | D49: Integrated Science laboratory | E49: UDISE+ | F49: 4 | G49: 1.74 | H49: 1.76 | I49: 2.41 | J49: 1.26 | K49: 1.6 | L49: 2.33 | M49: 1.79 | N49: 1.39 | O49: 1.74 | P49: 0.96 | Q49: 1.28 | R49: 1.6 | S49: 2.42 | T49: 1.5 | U49: 1.4 | V49: 1.58 | W49: 2.14 | X49: 1.79 | Y49: 1.6 | Z49: 2.63 | AA49: 1.92 | AB49: 1.47 | AC49: 2.44 | AD49: 1.33 | AE49: 2 | AF49: 1.5 | AG49: 1.96 | AH49: 1.94 | AI49: 2.09 | AJ49: 1.63 | AK49: 1.59 | AL49: 2.26 | AM49: 2.01 | AN49: =IFERROR(AVERAGE(G49:AM49),0) -> 1.789697
A50: Category 3: Infrastructure, Facilities & Student Entitlements (51) | B50: 3. Infrastructure & Entitlements | C50: 3.7 | D50: Kitchen Garden | E50: UDISE+ | F50: 4 | G50: 0.96 | H50: 2.11 | I50: 2.32 | J50: 2.75 | K50: 2.33 | L50: 2.05 | M50: 1.8 | N50: 2.24 | O50: 2.32 | P50: 2.16 | Q50: 3.48 | R50: 1.55 | S50: 1.77 | T50: 1.81 | U50: 0.88 | V50: 1.47 | W50: 1.89 | X50: 2.17 | Y50: 2.22 | Z50: 2.2 | AA50: 1.59 | AB50: 2.78 | AC50: 2.61 | AD50: 2.17 | AE50: 2.2 | AF50: 1.24 | AG50: 1.25 | AH50: 2.65 | AI50: 1.61 | AJ50: 1.48 | AK50: 3.31 | AL50: 1.36 | AM50: 2.69 | AN50: =IFERROR(AVERAGE(G50:AM50),0) -> 2.0430303
A51: Category 3: Infrastructure, Facilities & Student Entitlements (51) | B51: 3. Infrastructure & Entitlements | C51: 3.8 | D51: Library books | E51: UDISE+ | F51: 4 | G51: 3.62 | H51: 2.63 | I51: 2.74 | J51: 3.8 | K51: 3.63 | L51: 3.22 | M51: 3.86 | N51: 2.6 | O51: 2.61 | P51: 3.34 | Q51: 3.79 | R51: 3.92 | S51: 2.71 | T51: 2.92 | U51: 4 | V51: 3.91 | W51: 3.21 | X51: 4 | Y51: 3.95 | Z51: 3.96 | AA51: 3.94 | AB51: 4 | AC51: 3.87 | AD51: 3.95 | AE51: 2.89 | AF51: 3.55 | AG51: 3.6 | AH51: 3.9 | AI51: 3.37 | AJ51: 2.72 | AK51: 3.59 | AL51: 3.39 | AM51: 3.19 | AN51: =IFERROR(AVERAGE(G51:AM51),0) -> 3.4660606
A52: Category 3: Infrastructure, Facilities & Student Entitlements (51) | B52: 3. Infrastructure & Entitlements | C52: 3.9 | D52: Sports equipment | E52: UDISE+ | F52: 2 | G52: 1.94 | H52: 1.89 | I52: 1.9 | J52: 1.91 | K52: 1.91 | L52: 1.89 | M52: 1.84 | N52: 1.86 | O52: 1.88 | P52: 1.94 | Q52: 1.84 | R52: 1.83 | S52: 1.92 | T52: 1.93 | U52: 1.81 | V52: 1.86 | W52: 1.76 | X52: 1.96 | Y52: 1.91 | Z52: 1.91 | AA52: 1.94 | AB52: 1.9 | AC52: 1.83 | AD52: 1.91 | AE52: 1.91 | AF52: 1.96 | AG52: 1.84 | AH52: 1.89 | AI52: 1.94 | AJ52: 1.92 | AK52: 1.92 | AL52: 1.91 | AM52: 1.9 | AN52: =IFERROR(AVERAGE(G52:AM52),0) -> 1.8927273
A53: Category 3: Infrastructure, Facilities & Student Entitlements (51) | B53: 3. Infrastructure & Entitlements | C53: 3.1 | D53: Activities under composite school grant | E53: UDISE+ | F53: 2 | G53: 1.92 | H53: 1.58 | I53: 1.92 | J53: 1.81 | K53: 1.84 | L53: 1.66 | M53: 1.89 | N53: 1.86 | O53: 1.76 | P53: 1.87 | Q53: 1.8 | R53: 1.81 | S53: 1.94 | T53: 1.61 | U53: 1.79 | V53: 1.84 | W53: 1.77 | X53: 1.82 | Y53: 1.79 | Z53: 1.95 | AA53: 1.86 | AB53: 1.72 | AC53: 1.92 | AD53: 1.7 | AE53: 1.86 | AF53: 1.97 | AG53: 1.81 | AH53: 1.87 | AI53: 1.77 | AJ53: 1.88 | AK53: 1.97 | AL53: 1.95 | AM53: 1.68 | AN53: =IFERROR(AVERAGE(G53:AM53),0) -> 1.8239394
A54: Category 3: Infrastructure, Facilities & Student Entitlements (51) | B54: 3. Infrastructure & Entitlements | C54: 3.11 | D54: % of schools having Eco and Youth Club | E54: UDISE+ | F54: 2 | G54: 0.65 | H54: 1.08 | I54: 1.03 | J54: 1.24 | K54: 1.03 | L54: 0.98 | M54: 1.08 | N54: 1.1 | O54: 1 | P54: 0.84 | Q54: 1.06 | R54: 1.18 | S54: 0.7 | T54: 1.06 | U54: 0.88 | V54: 0.84 | W54: 0.98 | X54: 1.27 | Y54: 1.03 | Z54: 1.11 | AA54: 1.23 | AB54: 1.23 | AC54: 0.92 | AD54: 1.23 | AE54: 1.25 | AF54: 1.1 | AG54: 0.77 | AH54: 1.1 | AI54: 0.67 | AJ54: 1.25 | AK54: 1.04 | AL54: 1.01 | AM54: 0.96 | AN54: =IFERROR(AVERAGE(G54:AM54),0) -> 1.0272727
A55: Category 4: School Safety & Child Protection (35) | B55: 4. School Safety & Child Protection | C55: 4.1 | D55: % of schools has appointed any teacher as a first level counselor | E55: UDISE+ | F55: 5 | G55: 1.75 | H55: 1.55 | I55: 1.86 | J55: 1.54 | K55: 1.79 | L55: 1.54 | M55: 1.94 | N55: 2.02 | O55: 1.64 | P55: 1.61 | Q55: 1.29 | R55: 1.81 | S55: 1.85 | T55: 1.91 | U55: 1.56 | V55: 1.73 | W55: 1.57 | X55: 1.79 | Y55: 1.95 | Z55: 1.92 | AA55: 1.73 | AB55: 1.83 | AC55: 1.57 | AD55: 1.64 | AE55: 1.96 | AF55: 1.67 | AG55: 1.93 | AH55: 1.88 | AI55: 1.75 | AJ55: 2.29 | AK55: 1.75 | AL55: 1.61 | AM55: 1.58 | AN55: =IFERROR(AVERAGE(G55:AM55),0) -> 1.7518182
... A73: Category 6: Governance Processes (84) | B73: 6. Governance Processes | C73: 6.7 | D73: b. % of schools meeting head-teacher norms for Upper Primary level as per RTE | E73: UDISE+ | F73: 15 | G73: 10.99 | H73: 10.55 | I73: 12.45 | J73: 11.08 | K73: 11.37 | L73: 11.43 | M73: 11.7 | N73: 10.82 | O73: 11.59 | P73: 11.94 | Q73: 10.77 | R73: 12.46 | S73: 10.76 | T73: 12.53 | U73: 11.81 | V73: 13.63 | W73: 11.98 | X73: 12.26 | Y73: 12.15 | Z73: 12.41 | AA73: 11.59 | AB73: 12.34 | AC73: 13.63 | AD73: 11.8 | AE73: 11.75 | AF73: 12.89 | AG73: 11.38 | AH73: 11.46 | AI73: 11.9 | AJ73: 12.42 | AK73: 12.66 | AL73: 11.83 | AM73: 12.5 | AN73: =IFERROR(AVERAGE(G73:AM73),0) -> 11.903939
A75: DOMAIN & CATEGORY-WISE SUMMARY BY DISTRICT
A76: Category / Domain | F76: Max Weight | G76: =Districts_Setup!$B$4 -> Ahmedabad | H76: =Districts_Setup!$B$5 -> Amreli | I76: =Districts_Setup!$B$6 -> Anand | J76: =Districts_Setup!$B$7 -> Aravalli | K76: =Districts_Setup!$B$8 -> Banaskantha | L76: =Districts_Setup!$B$9 -> Bharuch | M76: =Districts_Setup!$B$10 -> Bhavnagar | N76: =Districts_Setup!$B$11 -> Botad | O76: =Districts_Setup!$B$12 -> Chhota Udepur | P76: =Districts_Setup!$B$13 -> Dahod | Q76: =Districts_Setup!$B$14 -> Dang | R76: =Districts_Setup!$B$15 -> Devbhoomi Dwarka | S76: =Districts_Setup!$B$16 -> Gandhinagar | T76: =Districts_Setup!$B$17 -> Gir Somnath | U76: =Districts_Setup!$B$18 -> Jamnagar | V76: =Districts_Setup!$B$19 -> Junagadh | W76: =Districts_Setup!$B$20 -> Kutch | X76: =Districts_Setup!$B$21 -> Kheda | Y76: =Districts_Setup!$B$22 -> Mahisagar | Z76: =Districts_Setup!$B$23 -> Mehsana | AA76: =Districts_Setup!$B$24 -> Morbi | AB76: =Districts_Setup!$B$25 -> Narmada | AC76: =Districts_Setup!$B$26 -> Navsari | AD76: =Districts_Setup!$B$27 -> Panchmahal | AE76: =Districts_Setup!$B$28 -> Patan | AF76: =Districts_Setup!$B$29 -> Porbandar | AG76: =Districts_Setup!$B$30 -> Rajkot | AH76: =Districts_Setup!$B$31 -> Sabarkantha | AI76: =Districts_Setup!$B$32 -> Surat | AJ76: =Districts_Setup!$B$33 -> Surendranagar | AK76: =Districts_Setup!$B$34 -> Tapi | AL76: =Districts_Setup!$B$35 -> Vadodara | AM76: =Districts_Setup!$B$36 -> Valsad | AN76: State Avg
A77: 1.1 Learning Outcomes & Quality (LOQ) | F77: =SUM(F4:F12) -> 180 | G77: =SUM(G4:G12) -> 44.47 | H77: =SUM(H4:H12) -> 33.94 | I77: =SUM(I4:I12) -> 41.74 | J77: =SUM(J4:J12) -> 32.13 | K77: =SUM(K4:K12) -> 37.81 | L77: =SUM(L4:L12) -> 38.02 | M77: =SUM(M4:M12) -> 47.92 | ... AM77: =SUM(AM4:AM12) -> 44.49 | AN77: =IFERROR(AVERAGE(G77:AM77),0) -> 40.943636
A78: 1.2 Access Outcomes (AO) | F78: =SUM(F13:F19) -> 65 | G78: =SUM(G13:G19) -> 55.39 | H78: =SUM(H13:H19) -> 54.41 | I78: =SUM(I13:I19) -> 58.22 | J78: =SUM(J13:J19) -> 59.15 | K78: =SUM(K13:K19) -> 51.98 | L78: =SUM(L13:L19) -> 56.83 | M78: =SUM(M13:M19) -> 55.12 | ... AM78: =SUM(AM13:AM19) -> 55.51 | AN78: =IFERROR(AVERAGE(G78:AM78),0) -> 55.172121
A79: 1.3 Teacher Availability & Professional Development (TAPDO) | F79: =SUM(F20:F24) -> 45 | G79: =SUM(G20:G24) -> 26.79 | H79: =SUM(H20:H24) -> 30.02 | I79: =SUM(I20:I24) -> 30.01 | J79: =SUM(J20:J24) -> 33.1 | K79: =SUM(K20:K24) -> 27.31 | L79: =SUM(L20:L24) -> 29.81 | M79: =SUM(M20:M24) -> 28.82 | ... AM79: =SUM(AM20:AM24) -> 31.33 | AN79: =IFERROR(AVERAGE(G79:AM79),0) -> 30.095152
A80: CATEGORY 1: OUTCOMES (290) — TOTAL | F80: =SUM(F77,F78,F79) -> 290 | G80: =SUM(G77,G78,G79) -> 126.65 | H80: =SUM(H77,H78,H79) -> 118.37 | I80: =SUM(I77,I78,I79) -> 129.97 | J80: =SUM(J77,J78,J79) -> 124.38 | K80: =SUM(K77,K78,K79) -> 117.1 | L80: =SUM(L77,L78,L79) -> 124.66 | M80: =SUM(M77,M78,M79) -> 131.86 | ... AM80: =SUM(AM77,AM78,AM79) -> 131.33 | AN80: =IFERROR(AVERAGE(G80:AM80),0) -> 126.21091
A81: 2.1 Learning Management (LM) | F81: =SUM(F25:F32) -> 60 | G81: =SUM(G25:G32) -> 36.16 | H81: =SUM(H25:H32) -> 46.65 | I81: =SUM(I25:I32) -> 46.86 | J81: =SUM(J25:J32) -> 47.96 | K81: =SUM(K25:K32) -> 47.7 | L81: =SUM(L25:L32) -> 43.87 | M81: =SUM(M25:M32) -> 44.97 | ... AM81: =SUM(AM25:AM32) -> 44.64 | AN81: =IFERROR(AVERAGE(G81:AM81),0) -> 45.384545
A82: 2.2 Learning Enrichment Activities (LEA) | F82: =SUM(F33:F43) -> 30 | G82: =SUM(G33:G43) -> 21.28 | H82: =SUM(H33:H43) -> 22.21 | I82: =SUM(I33:I43) -> 21.45 | J82: =SUM(J33:J43) -> 20.6 | K82: =SUM(K33:K43) -> 20.67 | L82: =SUM(L33:L43) -> 20.7 | M82: =SUM(M33:M43) -> 21.4 | ... AM82: =SUM(AM33:AM43) -> 21.25 | AN82: =IFERROR(AVERAGE(G82:AM82),0) -> 21.421818
A83: CATEGORY 2: EFFECTIVE CLASSROOM TRANSACTION (90) — TOTAL | F83: =SUM(F81,F82) -> 90 | G83: =SUM(G81,G82) -> 57.44 | H83: =SUM(H81,H82) -> 68.86 | I83: =SUM(I81,I82) -> 68.31 | J83: =SUM(J81,J82) -> 68.56 | K83: =SUM(K81,K82) -> 68.37 | L83: =SUM(L81,L82) -> 64.57 | M83: =SUM(M81,M82) -> 66.37 | ... AM83: =SUM(AM81,AM82) -> 65.89 | AN83: =IFERROR(AVERAGE(G83:AM83),0) -> 66.806364
A84: 3. Infrastructure & Entitlements | F84: =SUM(F44:F54) -> 51 | G84: =SUM(G44:G54) -> 33.07 | H84: =SUM(H44:H54) -> 34.52 | I84: =SUM(I44:I54) -> 36.97 | J84: =SUM(J44:J54) -> 37.44 | K84: =SUM(K44:K54) -> 35.63 | L84: =SUM(L44:L54) -> 35.13 | M84: =SUM(M44:M54) -> 35.02 | ... AM84: =SUM(AM44:AM54) -> 35.07 | AN84: =IFERROR(AVERAGE(G84:AM84),0) -> 35.173333
A85: CATEGORY 3: INFRASTRUCTURE, FACILITIES & STUDENT ENTITLEMENTS (51) — TOTAL | F85: =SUM(F84) -> 51 | G85: =SUM(G84) -> 33.07 | H85: =SUM(H84) -> 34.52 | I85: =SUM(I84) -> 36.97 | J85: =SUM(J84) -> 37.44 | K85: =SUM(K84) -> 35.63 | L85: =SUM(L84) -> 35.13 | M85: =SUM(M84) -> 35.02 | ... AM85: =SUM(AM84) -> 35.07 | AN85: =IFERROR(AVERAGE(G85:AM85),0) -> 35.173333
A86: 4. School Safety & Child Protection | F86: =SUM(F55:F61) -> 35 | G86: =SUM(G55:G61) -> 18.3 | H86: =SUM(H55:H61) -> 21.22 | I86: =SUM(I55:I61) -> 21.92 | J86: =SUM(J55:J61) -> 21.71 | K86: =SUM(K55:K61) -> 22.14 | L86: =SUM(L55:L61) -> 20.19 | M86: =SUM(M55:M61) -> 21.33 | ... AM86: =SUM(AM55:AM61) -> 20.71 | AN86: =IFERROR(AVERAGE(G86:AM86),0) -> 21.365455
A87: CATEGORY 4: SCHOOL SAFETY & CHILD PROTECTION (35) — TOTAL | F87: =SUM(F86) -> 35 | G87: =SUM(G86) -> 18.3 | H87: =SUM(H86) -> 21.22 | I87: =SUM(I86) -> 21.92 | J87: =SUM(J86) -> 21.71 | K87: =SUM(K86) -> 22.14 | L87: =SUM(L86) -> 20.19 | M87: =SUM(M86) -> 21.33 | ... AM87: =SUM(AM86) -> 20.71 | AN87: =IFERROR(AVERAGE(G87:AM87),0) -> 21.365455
A88: 5. Digital Learning | F88: =SUM(F62:F66) -> 50 | G88: =SUM(G62:G66) -> 31.29 | H88: =SUM(H62:H66) -> 33.95 | I88: =SUM(I62:I66) -> 32.48 | J88: =SUM(J62:J66) -> 29.68 | K88: =SUM(K62:K66) -> 32.56 | L88: =SUM(L62:L66) -> 30.53 | M88: =SUM(M62:M66) -> 34.37 | ... AM88: =SUM(AM62:AM66) -> 29.96 | AN88: =IFERROR(AVERAGE(G88:AM88),0) -> 31.634242
A89: CATEGORY 5: DIGITAL LEARNING (50) — TOTAL | F89: =SUM(F88) -> 50 | G89: =SUM(G88) -> 31.29 | H89: =SUM(H88) -> 33.95 | I89: =SUM(I88) -> 32.48 | J89: =SUM(J88) -> 29.68 | K89: =SUM(K88) -> 32.56 | L89: =SUM(L88) -> 30.53 | M89: =SUM(M88) -> 34.37 | ... AM89: =SUM(AM88) -> 29.96 | AN89: =IFERROR(AVERAGE(G89:AM89),0) -> 31.634242
A90: 6. Governance Processes | F90: =SUM(F67:F73) -> 84 | G90: =SUM(G67:G73) -> 42.07 | H90: =SUM(H67:H73) -> 38.48 | I90: =SUM(I67:I73) -> 45.72 | J90: =SUM(J67:J73) -> 39.21 | K90: =SUM(K67:K73) -> 43.44 | L90: =SUM(L67:L73) -> 43.03 | M90: =SUM(M67:M73) -> 45.35 | ... AM90: =SUM(AM67:AM73) -> 43.25 | AN90: =IFERROR(AVERAGE(G90:AM90),0) -> 43.414545
A91: CATEGORY 6: GOVERNANCE PROCESSES (84) — TOTAL | F91: =SUM(F90) -> 84 | G91: =SUM(G90) -> 42.07 | H91: =SUM(H90) -> 38.48 | I91: =SUM(I90) -> 45.72 | J91: =SUM(J90) -> 39.21 | K91: =SUM(K90) -> 43.44 | L91: =SUM(L90) -> 43.03 | M91: =SUM(M90) -> 45.35 | ... AM91: =SUM(AM90) -> 43.25 | AN91: =IFERROR(AVERAGE(G91:AM91),0) -> 43.414545
A92: DISTRICT OVERALL PGI-D 2.0 SCORE (out of 600) | F92: =SUM(F80,F83,F85,F87,F89,F91) -> 600 | G92: =SUM(G80,G83,G85,G87,G89,G91) -> 308.82 | H92: =SUM(H80,H83,H85,H87,H89,H91) -> 315.4 | I92: =SUM(I80,I83,I85,I87,I89,I91) -> 335.37 | J92: =SUM(J80,J83,J85,J87,J89,J91) -> 320.98 | K92: =SUM(K80,K83,K85,K87,K89,K91) -> 319.24 | L92: =SUM(L80,L83,L85,L87,L89,L91) -> 318.11 | M92: =SUM(M80,M83,M85,M87,M89,M91) -> 334.3 | ... AM92: =SUM(AM80,AM83,AM85,AM87,AM89,AM91) -> 326.21 | AN92: =IFERROR(AVERAGE(G92:AM92),0) -> 324.60485
A93: % Achieved | G93: =IF(G92=0,0,G92/$F$92*100) -> 51.47 | H93: =IF(H92=0,0,H92/$F$92*100) -> 52.566667 | I93: =IF(I92=0,0,I92/$F$92*100) -> 55.895 | J93: =IF(J92=0,0,J92/$F$92*100) -> 53.496667 | K93: =IF(K92=0,0,K92/$F$92*100) -> 53.206667 | L93: =IF(L92=0,0,L92/$F$92*100) -> 53.018333 | M93: =IF(M92=0,0,M92/$F$92*100) -> 55.716667 | N93: =IF(N92=0,0,N92/$F$92*100) -> 53.668333 | ... AM93: =IF(AM92=0,0,AM92/$F$92*100) -> 54.368333 | AN93: =IFERROR(AVERAGE(G93:AM93),0) -> 54.100808
A94: PGI-D Grade | G94: =IFERROR(VLOOKUP(G93,Grading_Scale!$A$3:$B$12,2,TRUE()),"") -> Prachesta-1 | H94: =IFERROR(VLOOKUP(H93,Grading_Scale!$A$3:$B$12,2,TRUE()),"") -> Prachesta-1 | I94: =IFERROR(VLOOKUP(I93,Grading_Scale!$A$3:$B$12,2,TRUE()),"") -> Prachesta-1 | J94: =IFERROR(VLOOKUP(J93,Grading_Scale!$A$3:$B$12,2,TRUE()),"") -> Prachesta-1 | K94: =IFERROR(VLOOKUP(K93,Grading_Scale!$A$3:$B$12,2,TRUE()),"") -> Prachesta-1 | L94: =IFERROR(VLOOKUP(L93,Grading_Scale!$A$3:$B$12,2,TRUE()),"") -> Prachesta-1 | M94: =IFERROR(VLOOKUP(M93,Grading_Scale!$A$3:$B$12,2,TRUE()),"") -> Prachesta-1 | N94: =IFERROR(VLOOKUP(N93,Grading_Scale!$A$3:$B$12,2,TRUE()),"") -> Prachesta-1 | ... AM94: =IFERROR(VLOOKUP(AM93,Grading_Scale!$A$3:$B$12,2,TRUE()),"") -> Prachesta-1

Sheet PARAKH_Foundational_G3
A1: Gujarat - PARAKH Learning Achievement: Foundational Stage (Grade 3) - All Competencies x All 33 Districts
A2: Enter the proportion of district students (0-1, e.g. 0.62 for 62%) who mastered each competency, from the PARAKH RS district-wise report (dashboard.parakh.ncert.gov.in). District Average and Gap vs National compute automatically.
A3: Subject | B3: Competency Code | C3: Competency Description | D3: National (Benchmark) | E3: =Districts_Setup!$B$4 -> Ahmedabad | F3: =Districts_Setup!$B$5 -> Amreli | G3: =Districts_Setup!$B$6 -> Anand | H3: =Districts_Setup!$B$7 -> Aravalli | I3: =Districts_Setup!$B$8 -> Banaskantha | J3: =Districts_Setup!$B$9 -> Bharuch | K3: =Districts_Setup!$B$10 -> Bhavnagar | L3: =Districts_Setup!$B$11 -> Botad | M3: =Districts_Setup!$B$12 -> Chhota Udepur | N3: =Districts_Setup!$B$13 -> Dahod | O3: =Districts_Setup!$B$14 -> Dang | P3: =Districts_Setup!$B$15 -> Devbhoomi Dwarka | Q3: =Districts_Setup!$B$16 -> Gandhinagar | R3: =Districts_Setup!$B$17 -> Gir Somnath | S3: =Districts_Setup!$B$18 -> Jamnagar | T3: =Districts_Setup!$B$19 -> Junagadh | U3: =Districts_Setup!$B$20 -> Kutch | V3: =Districts_Setup!$B$21 -> Kheda | W3: =Districts_Setup!$B$22 -> Mahisagar | X3: =Districts_Setup!$B$23 -> Mehsana | Y3: =Districts_Setup!$B$24 -> Morbi | Z3: =Districts_Setup!$B$25 -> Narmada | AA3: =Districts_Setup!$B$26 -> Navsari | AB3: =Districts_Setup!$B$27 -> Panchmahal | AC3: =Districts_Setup!$B$28 -> Patan | AD3: =Districts_Setup!$B$29 -> Porbandar | AE3: =Districts_Setup!$B$30 -> Rajkot | AF3: =Districts_Setup!$B$31 -> Sabarkantha | AG3: =Districts_Setup!$B$32 -> Surat | AH3: =Districts_Setup!$B$33 -> Surendranagar | AI3: =Districts_Setup!$B$34 -> Tapi | AJ3: =Districts_Setup!$B$35 -> Vadodara | AK3: =Districts_Setup!$B$36 -> Valsad | AL3: District Avg | AM3: How to Enter This Value
A4: Language | B4: C-9.7 | C4: Knows and uses enough words to carry out day-to-day interactions effectively and can guess the meaning of new words by using existing Vocabulary | D4: 0.67 | E4: 0.64 | F4: 0.6 | G4: 0.63 | H4: 0.56 | I4: 0.6 | J4: 0.63 | K4: 0.67 | L4: 0.63 | M4: 0.57 | N4: 0.64 | O4: 0.64 | P4: 0.63 | Q4: 0.67 | R4: 0.55 | S4: 0.54 | T4: 0.62 | U4: 0.56 | V4: 0.57 | W4: 0.63 | X4: 0.61 | Y4: 0.65 | Z4: 0.61 | AA4: 0.6 | AB4: 0.62 | AC4: 0.59 | AD4: 0.57 | AE4: 0.6 | AF4: 0.65 | AG4: 0.6 | AH4: 0.67 | AI4: 0.66 | AJ4: 0.56 | AK4: 0.63 | AL4: =IFERROR(AVERAGE(E4:AK4),0) -> 0.61212121 | AM4: Enter as a decimal 0-1 (e.g. 0.62 for 62%) of this district's tested students who mastered the competency.
B5: C-10.5 | C5: Reads short stories and comprehends their meaning - by identifying characters, storyline and what the author wants to say - on their own | D5: 0.6 | E5: 0.55 | F5: 0.51 | G5: 0.53 | H5: 0.47 | I5: 0.49 | J5: 0.54 | K5: 0.59 | L5: 0.53 | M5: 0.47 | N5: 0.54 | O5: 0.53 | P5: 0.53 | Q5: 0.61 | R5: 0.44 | S5: 0.43 | T5: 0.51 | U5: 0.46 | V5: 0.46 | W5: 0.53 | X5: 0.54 | Y5: 0.54 | Z5: 0.54 | AA5: 0.5 | AB5: 0.54 | AC5: 0.48 | AD5: 0.45 | AE5: 0.54 | AF5: 0.58 | AG5: 0.51 | AH5: 0.58 | AI5: 0.57 | AJ5: 0.48 | AK5: 0.55 | AL5: =IFERROR(AVERAGE(E5:AK5),0) -> 0.51878788
B6: C-10.7 | C6: Reads and comprehends the meaning of short news items, instructions and recipes, and publicity material | D6: 0.61 | E6: 0.58 | F6: 0.53 | G6: 0.56 | H6: 0.5 | I6: 0.52 | J6: 0.56 | K6: 0.61 | L6: 0.57 | M6: 0.47 | N6: 0.6 | O6: 0.6 | P6: 0.54 | Q6: 0.6 | R6: 0.49 | S6: 0.46 | T6: 0.57 | U6: 0.49 | V6: 0.49 | W6: 0.58 | X6: 0.55 | Y6: 0.58 | Z6: 0.57 | AA6: 0.53 | AB6: 0.57 | AC6: 0.51 | AD6: 0.48 | AE6: 0.55 | AF6: 0.61 | AG6: 0.53 | AH6: 0.58 | AI6: 0.61 | AJ6: 0.5 | AK6: 0.56 | AL6: =IFERROR(AVERAGE(E6:AK6),0) -> 0.5469697
A7: Mathematics | B7: C-8.1 | C7: Sorts objects into groups and sub-groups based on more than one property | D7: 0.68 | E7: 0.66 | F7: 0.6 | G7: 0.61 | H7: 0.58 | I7: 0.61 | J7: 0.62 | K7: 0.67 | L7: 0.64 | M7: 0.53 | N7: 0.64 | O7: 0.65 | P7: 0.63 | Q7: 0.71 | R7: 0.55 | S7: 0.55 | T7: 0.63 | U7: 0.6 | V7: 0.58 | W7: 0.64 | X7: 0.63 | Y7: 0.67 | Z7: 0.65 | AA7: 0.62 | AB7: 0.64 | AC7: 0.61 | AD7: 0.58 | AE7: 0.62 | AF7: 0.67 | AG7: 0.61 | AH7: 0.67 | AI7: 0.66 | AJ7: 0.62 | AK7: 0.64 | AL7: =IFERROR(AVERAGE(E7:AK7),0) -> 0.62393939
B8: C-8.2 | C8: Identifies and extends simple patterns in their surroundings, shapes, and numbers | D8: 0.69 | E8: 0.65 | F8: 0.6 | G8: 0.67 | H8: 0.59 | I8: 0.62 | J8: 0.66 | K8: 0.67 | L8: 0.65 | M8: 0.57 | N8: 0.62 | O8: 0.64 | P8: 0.65 | Q8: 0.72 | R8: 0.56 | S8: 0.59 | T8: 0.65 | U8: 0.62 | V8: 0.55 | W8: 0.58 | X8: 0.61 | Y8: 0.66 | Z8: 0.6 | AA8: 0.65 | AB8: 0.65 | AC8: 0.6 | AD8: 0.64 | AE8: 0.63 | AF8: 0.67 | AG8: 0.62 | AH8: 0.69 | AI8: 0.74 | AJ8: 0.6 | AK8: 0.67 | AL8: =IFERROR(AVERAGE(E8:AK8),0) -> 0.6330303
B9: C-8.4 | C9: Arranges numbers up to 99 in ascending and descending order | D9: 0.55 | E9: 0.49 | F9: 0.46 | G9: 0.45 | H9: 0.42 | I9: 0.5 | J9: 0.54 | K9: 0.55 | L9: 0.44 | M9: 0.44 | N9: 0.5 | O9: 0.52 | P9: 0.51 | Q9: 0.57 | R9: 0.4 | S9: 0.4 | T9: 0.48 | U9: 0.42 | V9: 0.38 | W9: 0.48 | X9: 0.5 | Y9: 0.47 | Z9: 0.49 | AA9: 0.45 | AB9: 0.49 | AC9: 0.42 | AD9: 0.46 | AE9: 0.48 | AF9: 0.54 | AG9: 0.46 | AH9: 0.54 | AI9: 0.59 | AJ9: 0.41 | AK9: 0.51 | AL9: =IFERROR(AVERAGE(E9:AK9),0) -> 0.47757576
B10: C-8.5 | C10: Recognises and uses numerals to represent quantities up to 99 with the understanding of decimal place value system | D10: 0.61 | E10: 0.56 | F10: 0.55 | G10: 0.59 | H10: 0.52 | I10: 0.53 | J10: 0.57 | K10: 0.59 | L10: 0.57 | M10: 0.48 | N10: 0.57 | O10: 0.58 | P10: 0.53 | Q10: 0.61 | R10: 0.47 | S10: 0.51 | T10: 0.54 | U10: 0.51 | V10: 0.48 | W10: 0.55 | X10: 0.58 | Y10: 0.57 | Z10: 0.53 | AA10: 0.54 | AB10: 0.56 | AC10: 0.54 | AD10: 0.46 | AE10: 0.54 | AF10: 0.58 | AG10: 0.55 | AH10: 0.59 | AI10: 0.62 | AJ10: 0.54 | AK10: 0.58 | AL10: =IFERROR(AVERAGE(E10:AK10),0) -> 0.54818182
B11: C-8.6 | C11: Performs addition and subtraction of 2-digit numbers fluently using flexible strategies of composition and decomposition of both numerical and word problems | D11: 0.58 | E11: 0.49 | F11: 0.45 | G11: 0.44 | H11: 0.45 | I11: 0.45 | J11: 0.48 | K11: 0.54 | L11: 0.48 | M11: 0.44 | N11: 0.51 | O11: 0.5 | P11: 0.49 | Q11: 0.54 | R11: 0.41 | S11: 0.4 | T11: 0.42 | U11: 0.43 | V11: 0.41 | W11: 0.5 | X11: 0.47 | Y11: 0.45 | Z11: 0.46 | AA11: 0.47 | AB11: 0.49 | AC11: 0.43 | AD11: 0.41 | AE11: 0.46 | AF11: 0.56 | AG11: 0.44 | AH11: 0.5 | AI11: 0.51 | AJ11: 0.44 | AK11: 0.48 | AL11: =IFERROR(AVERAGE(E11:AK11),0) -> 0.46666667
B12: C-8.7 | C12: Recognises multiplication as repeated addition and division as equal sharing | D12: 0.54 | E12: 0.46 | F12: 0.41 | G12: 0.42 | H12: 0.42 | I12: 0.4 | J12: 0.41 | K12: 0.47 | L12: 0.45 | M12: 0.41 | N12: 0.52 | O12: 0.5 | P12: 0.42 | Q12: 0.53 | R12: 0.4 | S12: 0.32 | T12: 0.41 | U12: 0.38 | V12: 0.39 | W12: 0.46 | X12: 0.45 | Y12: 0.44 | Z12: 0.46 | AA12: 0.4 | AB12: 0.49 | AC12: 0.43 | AD12: 0.43 | AE12: 0.44 | AF12: 0.54 | AG12: 0.38 | AH12: 0.44 | AI12: 0.5 | AJ12: 0.36 | AK12: 0.42 | AL12: =IFERROR(AVERAGE(E12:AK12),0) -> 0.43515152
B13: C-8.8 | C13: Recognises, makes, and classifies basic geometric shapes and their observable properties, and understands and explains the relative relation of objects in space | D13: 0.5 | E13: 0.43 | F13: 0.4 | G13: 0.37 | H13: 0.39 | I13: 0.38 | J13: 0.39 | K13: 0.44 | L13: 0.39 | M13: 0.38 | N13: 0.42 | O13: 0.49 | P13: 0.43 | Q13: 0.46 | R13: 0.35 | S13: 0.38 | T13: 0.37 | U13: 0.39 | V13: 0.32 | W13: 0.41 | X13: 0.37 | Y13: 0.35 | Z13: 0.39 | AA13: 0.41 | AB13: 0.46 | AC13: 0.34 | AD13: 0.34 | AE13: 0.44 | AF13: 0.43 | AG13: 0.37 | AH13: 0.42 | AI13: 0.42 | AJ13: 0.36 | AK13: 0.38 | AL13: =IFERROR(AVERAGE(E13:AK13),0) -> 0.39606061
B14: C-8.9 | C14: Selects appropriate tools and units to perform simple measurements of length, weight, and volume of objects in their immediate environment | D14: 0.62 | E14: 0.56 | F14: 0.51 | G14: 0.54 | H14: 0.47 | I14: 0.53 | J14: 0.55 | K14: 0.61 | L14: 0.55 | M14: 0.49 | N14: 0.54 | O14: 0.58 | P14: 0.51 | Q14: 0.62 | R14: 0.46 | S14: 0.47 | T14: 0.55 | U14: 0.5 | V14: 0.47 | W14: 0.5 | X14: 0.51 | Y14: 0.54 | Z14: 0.53 | AA14: 0.55 | AB14: 0.53 | AC14: 0.49 | AD14: 0.47 | AE14: 0.53 | AF14: 0.57 | AG14: 0.51 | AH14: 0.57 | AI14: 0.61 | AJ14: 0.48 | AK14: 0.58 | AL14: =IFERROR(AVERAGE(E14:AK14),0) -> 0.52969697
B15: C-8.10 | C15: Performs simple measurements of time in minutes, hours, day, weeks, and months | D15: 0.61 | E15: 0.56 | F15: 0.51 | G15: 0.53 | H15: 0.45 | I15: 0.45 | J15: 0.54 | K15: 0.58 | L15: 0.5 | M15: 0.45 | N15: 0.56 | O15: 0.54 | P15: 0.52 | Q15: 0.59 | R15: 0.45 | S15: 0.41 | T15: 0.5 | U15: 0.47 | V15: 0.49 | W15: 0.53 | X15: 0.55 | Y15: 0.56 | Z15: 0.52 | AA15: 0.51 | AB15: 0.56 | AC15: 0.46 | AD15: 0.48 | AE15: 0.53 | AF15: 0.61 | AG15: 0.53 | AH15: 0.54 | AI15: 0.56 | AJ15: 0.47 | AK15: 0.54 | AL15: =IFERROR(AVERAGE(E15:AK15),0) -> 0.51666667
B16: C-8.11 | C16: Performs simple transactions using money up to INR 100 | D16: 0.5 | E16: 0.44 | F16: 0.42 | G16: 0.4 | H16: 0.4 | I16: 0.38 | J16: 0.43 | K16: 0.46 | L16: 0.42 | M16: 0.41 | N16: 0.46 | O16: 0.49 | P16: 0.42 | Q16: 0.47 | R16: 0.38 | S16: 0.34 | T16: 0.38 | U16: 0.36 | V16: 0.38 | W16: 0.42 | X16: 0.42 | Y16: 0.42 | Z16: 0.45 | AA16: 0.38 | AB16: 0.43 | AC16: 0.39 | AD16: 0.36 | AE16: 0.41 | AF16: 0.52 | AG16: 0.4 | AH16: 0.46 | AI16: 0.47 | AJ16: 0.37 | AK16: 0.4 | AL16: =IFERROR(AVERAGE(E16:AK16),0) -> 0.41636364
B17: C-8.12 | C17: Develops adequate and appropriate vocabulary for comprehending and expressing concepts and procedures related to quantities, shapes, space, and measurements | D17: 0.55 | E17: 0.58 | F17: 0.52 | G17: 0.54 | H17: 0.47 | I17: 0.5 | J17: 0.49 | K17: 0.58 | L17: 0.55 | M17: 0.42 | N17: 0.53 | O17: 0.52 | P17: 0.51 | Q17: 0.55 | R17: 0.41 | S17: 0.42 | T17: 0.51 | U17: 0.46 | V17: 0.52 | W17: 0.51 | X17: 0.49 | Y17: 0.58 | Z17: 0.5 | AA17: 0.46 | AB17: 0.53 | AC17: 0.49 | AD17: 0.5 | AE17: 0.52 | AF17: 0.56 | AG17: 0.46 | AH17: 0.52 | AI17: 0.51 | AJ17: 0.48 | AK17: 0.52 | AL17: =IFERROR(AVERAGE(E17:AK17),0) -> 0.50636364
B18: C-8.13 | C18: Formulates and solves simple mathematical problems related to quantities, shapes, space, and measurements | D18: 0.55 | E18: 0.48 | F18: 0.42 | G18: 0.42 | H18: 0.43 | I18: 0.42 | J18: 0.49 | K18: 0.49 | L18: 0.43 | M18: 0.41 | N18: 0.51 | O18: 0.54 | P18: 0.45 | Q18: 0.53 | R18: 0.38 | S18: 0.38 | T18: 0.44 | U18: 0.43 | V18: 0.39 | W18: 0.4 | X18: 0.45 | Y18: 0.46 | Z18: 0.48 | AA18: 0.44 | AB18: 0.45 | AC18: 0.42 | AD18: 0.37 | AE18: 0.41 | AF18: 0.5 | AG18: 0.43 | AH18: 0.44 | AI18: 0.48 | AJ18: 0.41 | AK18: 0.44 | AL18: =IFERROR(AVERAGE(E18:AK18),0) -> 0.4430303
A20: SUBJECT-WISE AVERAGE MASTERY BY DISTRICT - Foundational Stage (Grade 3)
A21: Subject | E21: =Districts_Setup!$B$4 -> Ahmedabad | F21: =Districts_Setup!$B$5 -> Amreli | G21: =Districts_Setup!$B$6 -> Anand | H21: =Districts_Setup!$B$7 -> Aravalli | I21: =Districts_Setup!$B$8 -> Banaskantha | J21: =Districts_Setup!$B$9 -> Bharuch | K21: =Districts_Setup!$B$10 -> Bhavnagar | L21: =Districts_Setup!$B$11 -> Botad | M21: =Districts_Setup!$B$12 -> Chhota Udepur | N21: =Districts_Setup!$B$13 -> Dahod | O21: =Districts_Setup!$B$14 -> Dang | P21: =Districts_Setup!$B$15 -> Devbhoomi Dwarka | Q21: =Districts_Setup!$B$16 -> Gandhinagar | R21: =Districts_Setup!$B$17 -> Gir Somnath | S21: =Districts_Setup!$B$18 -> Jamnagar | T21: =Districts_Setup!$B$19 -> Junagadh | U21: =Districts_Setup!$B$20 -> Kutch | V21: =Districts_Setup!$B$21 -> Kheda | W21: =Districts_Setup!$B$22 -> Mahisagar | X21: =Districts_Setup!$B$23 -> Mehsana | Y21: =Districts_Setup!$B$24 -> Morbi | Z21: =Districts_Setup!$B$25 -> Narmada | AA21: =Districts_Setup!$B$26 -> Navsari | AB21: =Districts_Setup!$B$27 -> Panchmahal | AC21: =Districts_Setup!$B$28 -> Patan | AD21: =Districts_Setup!$B$29 -> Porbandar | AE21: =Districts_Setup!$B$30 -> Rajkot | AF21: =Districts_Setup!$B$31 -> Sabarkantha | AG21: =Districts_Setup!$B$32 -> Surat | AH21: =Districts_Setup!$B$33 -> Surendranagar | AI21: =Districts_Setup!$B$34 -> Tapi | AJ21: =Districts_Setup!$B$35 -> Vadodara | AK21: =Districts_Setup!$B$36 -> Valsad | AL21: National Avg
A22: Language | E22: =IFERROR(AVERAGE(E4:E6),0) -> 0.59 | F22: =IFERROR(AVERAGE(F4:F6),0) -> 0.54666667 | G22: =IFERROR(AVERAGE(G4:G6),0) -> 0.57333333 | H22: =IFERROR(AVERAGE(H4:H6),0) -> 0.51 | I22: =IFERROR(AVERAGE(I4:I6),0) -> 0.53666667 | J22: =IFERROR(AVERAGE(J4:J6),0) -> 0.57666667 | K22: =IFERROR(AVERAGE(K4:K6),0) -> 0.62333333 | L22: =IFERROR(AVERAGE(L4:L6),0) -> 0.57666667 | ... AK22: =IFERROR(AVERAGE(AK4:AK6),0) -> 0.58 | AL22: =IFERROR(AVERAGE(D4:D6),0) -> 0.62666667
A23: Mathematics | E23: =IFERROR(AVERAGE(E7:E18),0) -> 0.53 | F23: =IFERROR(AVERAGE(F7:F18),0) -> 0.4875 | G23: =IFERROR(AVERAGE(G7:G18),0) -> 0.49833333 | H23: =IFERROR(AVERAGE(H7:H18),0) -> 0.46583333 | I23: =IFERROR(AVERAGE(I7:I18),0) -> 0.48083333 | J23: =IFERROR(AVERAGE(J7:J18),0) -> 0.51416667 | K23: =IFERROR(AVERAGE(K7:K18),0) -> 0.55416667 | L23: =IFERROR(AVERAGE(L7:L18),0) -> 0.50583333 | ... AK23: =IFERROR(AVERAGE(AK7:AK18),0) -> 0.51333333 | AL23: =IFERROR(AVERAGE(D7:D18),0) -> 0.58166667
A24: OVERALL FOUNDATIONAL STAGE (GRADE 3) AVERAGE | E24: =IFERROR(AVERAGE(E22:E23),0) -> 0.56 | F24: =IFERROR(AVERAGE(F22:F23),0) -> 0.51708333 | G24: =IFERROR(AVERAGE(G22:G23),0) -> 0.53583333 | H24: =IFERROR(AVERAGE(H22:H23),0) -> 0.48791667 | I24: =IFERROR(AVERAGE(I22:I23),0) -> 0.50875 | J24: =IFERROR(AVERAGE(J22:J23),0) -> 0.54541667 | K24: =IFERROR(AVERAGE(K22:K23),0) -> 0.58875 | L24: =IFERROR(AVERAGE(L22:L23),0) -> 0.54125 | ... AL24: =IFERROR(AVERAGE(AL22:AL23),0) -> 0.60416667

Sheet PARAKH_Preparatory_G6
A1: Gujarat - PARAKH Learning Achievement: Preparatory Stage (Grade 6) - All Competencies x All 33 Districts
A2: Enter the proportion of district students (0-1, e.g. 0.62 for 62%) who mastered each competency, from the PARAKH RS district-wise report (dashboard.parakh.ncert.gov.in). District Average and Gap vs National compute automatically.
A3: Subject | B3: Competency Code | C3: Competency Description | D3: National (Benchmark) | E3: =Districts_Setup!$B$4 -> Ahmedabad | F3: =Districts_Setup!$B$5 -> Amreli | G3: =Districts_Setup!$B$6 -> Anand | H3: =Districts_Setup!$B$7 -> Aravalli | I3: =Districts_Setup!$B$8 -> Banaskantha | J3: =Districts_Setup!$B$9 -> Bharuch | K3: =Districts_Setup!$B$10 -> Bhavnagar | L3: =Districts_Setup!$B$11 -> Botad | M3: =Districts_Setup!$B$12 -> Chhota Udepur | N3: =Districts_Setup!$B$13 -> Dahod | O3: =Districts_Setup!$B$14 -> Dang | P3: =Districts_Setup!$B$15 -> Devbhoomi Dwarka | Q3: =Districts_Setup!$B$16 -> Gandhinagar | R3: =Districts_Setup!$B$17 -> Gir Somnath | S3: =Districts_Setup!$B$18 -> Jamnagar | T3: =Districts_Setup!$B$19 -> Junagadh | U3: =Districts_Setup!$B$20 -> Kutch | V3: =Districts_Setup!$B$21 -> Kheda | W3: =Districts_Setup!$B$22 -> Mahisagar | X3: =Districts_Setup!$B$23 -> Mehsana | Y3: =Districts_Setup!$B$24 -> Morbi | Z3: =Districts_Setup!$B$25 -> Narmada | AA3: =Districts_Setup!$B$26 -> Navsari | AB3: =Districts_Setup!$B$27 -> Panchmahal | AC3: =Districts_Setup!$B$28 -> Patan | AD3: =Districts_Setup!$B$29 -> Porbandar | AE3: =Districts_Setup!$B$30 -> Rajkot | AF3: =Districts_Setup!$B$31 -> Sabarkantha | AG3: =Districts_Setup!$B$32 -> Surat | AH3: =Districts_Setup!$B$33 -> Surendranagar | AI3: =Districts_Setup!$B$34 -> Tapi | AJ3: =Districts_Setup!$B$35 -> Vadodara | AK3: =Districts_Setup!$B$36 -> Valsad | AL3: District Avg | AM3: How to Enter This Value
A4: Language | B4: C-2.1 | C4: Applies varied comprehension strategies (inference, prediction, visualisation) to understand different texts | D4: 0.56 | E4: 0.5 | F4: 0.47 | G4: 0.52 | H4: 0.47 | I4: 0.51 | J4: 0.44 | K4: 0.51 | L4: 0.49 | M4: 0.44 | N4: 0.48 | O4: 0.53 | P4: 0.54 | Q4: 0.54 | R4: 0.44 | S4: 0.5 | T4: 0.54 | U4: 0.5 | V4: 0.47 | W4: 0.48 | X4: 0.53 | Y4: 0.49 | Z4: 0.48 | AA4: 0.5 | AB4: 0.5 | AC4: 0.51 | AD4: 0.49 | AE4: 0.48 | AF4: 0.48 | AG4: 0.53 | AH4: 0.56 | AI4: 0.52 | AJ4: 0.53 | AK4: 0.5 | AL4: =IFERROR(AVERAGE(E4:AK4),0) -> 0.49909091 | AM4: Enter as a decimal 0-1 (e.g. 0.62 for 62%) of this district's tested students who mastered the competency.
B5: C-2.2 | C5: Understands main ideas and draws essential conclusions from the material read | D5: 0.58 | E5: 0.53 | F5: 0.49 | G5: 0.55 | H5: 0.51 | I5: 0.54 | J5: 0.47 | K5: 0.54 | L5: 0.52 | M5: 0.46 | N5: 0.5 | O5: 0.55 | P5: 0.58 | Q5: 0.55 | R5: 0.47 | S5: 0.52 | T5: 0.57 | U5: 0.53 | V5: 0.47 | W5: 0.51 | X5: 0.58 | Y5: 0.52 | Z5: 0.48 | AA5: 0.54 | AB5: 0.54 | AC5: 0.53 | AD5: 0.54 | AE5: 0.5 | AF5: 0.5 | AG5: 0.56 | AH5: 0.57 | AI5: 0.56 | AJ5: 0.54 | AK5: 0.53 | AL5: =IFERROR(AVERAGE(E5:AK5),0) -> 0.52575758
A6: Mathematics | B6: C-1.1 | C6: Represents numbers using the place value structure of the Indian number system, compares whole numbers, and knows and can read the names of very large numbers | D6: 0.54 | E6: 0.55 | F6: 0.43 | G6: 0.54 | H6: 0.5 | I6: 0.53 | J6: 0.48 | K6: 0.53 | L6: 0.49 | M6: 0.42 | N6: 0.5 | O6: 0.49 | P6: 0.56 | Q6: 0.55 | R6: 0.51 | S6: 0.51 | T6: 0.59 | U6: 0.51 | V6: 0.44 | W6: 0.49 | X6: 0.56 | Y6: 0.59 | Z6: 0.49 | AA6: 0.55 | AB6: 0.53 | AC6: 0.52 | AD6: 0.53 | AE6: 0.51 | AF6: 0.49 | AG6: 0.56 | AH6: 0.59 | AI6: 0.56 | AJ6: 0.55 | AK6: 0.54 | AL6: =IFERROR(AVERAGE(E6:AK6),0) -> 0.52090909
B7: C-1.2 | C7: Represents and compares commonly used fractions in daily life (such as ½, ¼) as parts of unit wholes, as locations on number lines and as divisions of whole numbers | D7: 0.29 | E7: 0.25 | F7: 0.2 | G7: 0.27 | H7: 0.25 | I7: 0.25 | J7: 0.21 | K7: 0.23 | L7: 0.22 | M7: 0.22 | N7: 0.28 | O7: 0.2 | P7: 0.27 | Q7: 0.27 | R7: 0.24 | S7: 0.23 | T7: 0.25 | U7: 0.24 | V7: 0.19 | W7: 0.27 | X7: 0.27 | Y7: 0.22 | Z7: 0.25 | AA7: 0.22 | AB7: 0.27 | AC7: 0.3 | AD7: 0.2 | AE7: 0.25 | AF7: 0.27 | AG7: 0.25 | AH7: 0.27 | AI7: 0.24 | AJ7: 0.27 | AK7: 0.22 | AL7: =IFERROR(AVERAGE(E7:AK7),0) -> 0.24363636
B8: C-1.3 | C8: Understands and visualises arithmetic operations and the relationships among them, knows addition and multiplication tables at least up to 10×10 (Pahade) and applies the four basic operations on whole numbers to solve daily life problems | D8: 0.53 | E8: 0.46 | F8: 0.41 | G8: 0.46 | H8: 0.43 | I8: 0.48 | J8: 0.42 | K8: 0.45 | L8: 0.45 | M8: 0.38 | N8: 0.48 | O8: 0.44 | P8: 0.49 | Q8: 0.48 | R8: 0.45 | S8: 0.46 | T8: 0.5 | U8: 0.45 | V8: 0.39 | W8: 0.46 | X8: 0.49 | Y8: 0.48 | Z8: 0.41 | AA8: 0.45 | AB8: 0.47 | AC8: 0.46 | AD8: 0.44 | AE8: 0.45 | AF8: 0.45 | AG8: 0.49 | AH8: 0.51 | AI8: 0.47 | AJ8: 0.48 | AK8: 0.46 | AL8: =IFERROR(AVERAGE(E8:AK8),0) -> 0.45606061
B9: C-1.4 | C9: Recognises, describes, and extends simple number patterns such as odd numbers, even numbers, square numbers, cubes, powers of 2, powers of 10, and Virahanka–Fibonacci numbers. | D9: 0.49 | E9: 0.42 | F9: 0.37 | G9: 0.43 | H9: 0.37 | I9: 0.42 | J9: 0.41 | K9: 0.43 | L9: 0.4 | M9: 0.38 | N9: 0.44 | O9: 0.41 | P9: 0.45 | Q9: 0.48 | R9: 0.41 | S9: 0.41 | T9: 0.47 | U9: 0.44 | V9: 0.36 | W9: 0.39 | X9: 0.46 | Y9: 0.41 | Z9: 0.4 | AA9: 0.39 | AB9: 0.47 | AC9: 0.41 | AD9: 0.43 | AE9: 0.44 | AF9: 0.41 | AG9: 0.47 | AH9: 0.46 | AI9: 0.43 | AJ9: 0.44 | AK9: 0.46 | AL9: =IFERROR(AVERAGE(E9:AK9),0) -> 0.42333333
B10: C-2.2 | C10: Describes location and movement using both common language and mathematical vocabulary; understands the notion of map (Najri Naksha) | D10: 0.41 | E10: 0.36 | F10: 0.31 | G10: 0.37 | H10: 0.34 | I10: 0.36 | J10: 0.34 | K10: 0.33 | L10: 0.37 | M10: 0.27 | N10: 0.35 | O10: 0.34 | P10: 0.4 | Q10: 0.37 | R10: 0.34 | S10: 0.35 | T10: 0.4 | U10: 0.37 | V10: 0.31 | W10: 0.34 | X10: 0.38 | Y10: 0.36 | Z10: 0.35 | AA10: 0.35 | AB10: 0.37 | AC10: 0.32 | AD10: 0.33 | AE10: 0.35 | AF10: 0.35 | AG10: 0.39 | AH10: 0.38 | AI10: 0.4 | AJ10: 0.38 | AK10: 0.33 | AL10: =IFERROR(AVERAGE(E10:AK10),0) -> 0.35333333
B11: C-2.4 | C11: Discovers, recognises, describes, and extends patterns in 2D and 3D shapes | D11: 0.48 | E11: 0.44 | F11: 0.39 | G11: 0.47 | H11: 0.41 | I11: 0.47 | J11: 0.39 | K11: 0.46 | L11: 0.42 | M11: 0.38 | N11: 0.45 | O11: 0.44 | P11: 0.47 | Q11: 0.48 | R11: 0.41 | S11: 0.45 | T11: 0.49 | U11: 0.44 | V11: 0.39 | W11: 0.43 | X11: 0.47 | Y11: 0.47 | Z11: 0.41 | AA11: 0.44 | AB11: 0.45 | AC11: 0.42 | AD11: 0.44 | AE11: 0.45 | AF11: 0.43 | AG11: 0.49 | AH11: 0.48 | AI11: 0.5 | AJ11: 0.47 | AK11: 0.45 | AL11: =IFERROR(AVERAGE(E11:AK11),0) -> 0.44393939
B12: C-3.3 | C12: Carries out simple unit conversions, such as from centimetres to metres, within a system of measurement | D12: 0.38 | E12: 0.32 | F12: 0.26 | G12: 0.32 | H12: 0.29 | I12: 0.32 | J12: 0.29 | K12: 0.31 | L12: 0.31 | M12: 0.28 | N12: 0.36 | O12: 0.26 | P12: 0.33 | Q12: 0.33 | R12: 0.3 | S12: 0.33 | T12: 0.34 | U12: 0.3 | V12: 0.29 | W12: 0.36 | X12: 0.32 | Y12: 0.29 | Z12: 0.3 | AA12: 0.33 | AB12: 0.35 | AC12: 0.34 | AD12: 0.31 | AE12: 0.29 | AF12: 0.33 | AG12: 0.33 | AH12: 0.35 | AI12: 0.33 | AJ12: 0.31 | AK12: 0.3 | AL12: =IFERROR(AVERAGE(E12:AK12),0) -> 0.31454545
B13: C-3.5 | C13: Devises strategies for estimating the distance, length, time, perimeter (for regular and irregular shapes), area (for regular and irregular shapes), weight, and volume and verifies the same using standard units | D13: 0.42 | E13: 0.35 | F13: 0.32 | G13: 0.34 | H13: 0.36 | I13: 0.36 | J13: 0.3 | K13: 0.31 | L13: 0.33 | M13: 0.31 | N13: 0.36 | O13: 0.3 | P13: 0.35 | Q13: 0.37 | R13: 0.3 | S13: 0.34 | T13: 0.37 | U13: 0.33 | V13: 0.31 | W13: 0.36 | X13: 0.35 | Y13: 0.35 | Z13: 0.33 | AA13: 0.32 | AB13: 0.38 | AC13: 0.4 | AD13: 0.31 | AE13: 0.36 | AF13: 0.34 | AG13: 0.36 | AH13: 0.39 | AI13: 0.37 | AJ13: 0.37 | AK13: 0.33 | AL13: =IFERROR(AVERAGE(E13:AK13),0) -> 0.34333333
B14: C-4.1 | C14: Solves puzzles and daily-life problems involving one or more operations on whole numbers (including word puzzles and puzzles from ‘recreational’ areas, such as the construction of magic squares) | D14: 0.38 | E14: 0.34 | F14: 0.26 | G14: 0.32 | H14: 0.28 | I14: 0.26 | J14: 0.27 | K14: 0.31 | L14: 0.28 | M14: 0.25 | N14: 0.32 | O14: 0.3 | P14: 0.34 | Q14: 0.34 | R14: 0.31 | S14: 0.29 | T14: 0.33 | U14: 0.29 | V14: 0.27 | W14: 0.35 | X14: 0.28 | Y14: 0.29 | Z14: 0.3 | AA14: 0.31 | AB14: 0.35 | AC14: 0.29 | AD14: 0.29 | AE14: 0.29 | AF14: 0.29 | AG14: 0.31 | AH14: 0.34 | AI14: 0.34 | AJ14: 0.32 | AK14: 0.3 | AL14: =IFERROR(AVERAGE(E14:AK14),0) -> 0.30333333
B15: C-4.3 | C15: Selects appropriate methods and tools for computing with whole numbers, such as mental computation, estimation, or paper pencil calculation, in accordance with the context | D15: 0.49 | E15: 0.39 | F15: 0.37 | G15: 0.43 | H15: 0.39 | I15: 0.38 | J15: 0.37 | K15: 0.4 | L15: 0.39 | M15: 0.36 | N15: 0.44 | O15: 0.39 | P15: 0.46 | Q15: 0.43 | R15: 0.42 | S15: 0.39 | T15: 0.42 | U15: 0.42 | V15: 0.34 | W15: 0.44 | X15: 0.41 | Y15: 0.42 | Z15: 0.4 | AA15: 0.41 | AB15: 0.43 | AC15: 0.43 | AD15: 0.41 | AE15: 0.42 | AF15: 0.38 | AG15: 0.41 | AH15: 0.47 | AI15: 0.41 | AJ15: 0.44 | AK15: 0.39 | AL15: =IFERROR(AVERAGE(E15:AK15),0) -> 0.40787879
A16: The World Around Us | B16: C-1.1 | C16: Observes and identifies the natural (insects, plants, birds, animals, geographical features, sun and moon, stars, planets, natural resources) and social (houses, relationships) components in their immediate environment | D16: 0.44 | E16: 0.42 | F16: 0.41 | G16: 0.44 | H16: 0.47 | I16: 0.46 | J16: 0.4 | K16: 0.45 | L16: 0.38 | M16: 0.39 | N16: 0.42 | O16: 0.44 | P16: 0.43 | Q16: 0.48 | R16: 0.42 | S16: 0.41 | T16: 0.44 | U16: 0.41 | V16: 0.43 | W16: 0.49 | X16: 0.43 | Y16: 0.4 | Z16: 0.4 | AA16: 0.47 | AB16: 0.46 | AC16: 0.45 | AD16: 0.4 | AE16: 0.42 | AF16: 0.43 | AG16: 0.44 | AH16: 0.46 | AI16: 0.47 | AJ16: 0.43 | AK16: 0.43 | AL16: =IFERROR(AVERAGE(E16:AK16),0) -> 0.43272727
B17: C-1.3 | C17: Asks questions and makes predictions about simple patterns (season change, food chain, phases of the moon, movement of stars and planets, shapes of trees, plants, leaves, and flowers, rituals, celebrations) observed in the immediate environment | D17: 0.38 | E17: 0.37 | F17: 0.3 | G17: 0.38 | H17: 0.34 | I17: 0.37 | J17: 0.36 | K17: 0.38 | L17: 0.36 | M17: 0.34 | N17: 0.36 | O17: 0.39 | P17: 0.38 | Q17: 0.41 | R17: 0.3 | S17: 0.35 | T17: 0.38 | U17: 0.33 | V17: 0.34 | W17: 0.38 | X17: 0.34 | Y17: 0.32 | Z17: 0.33 | AA17: 0.34 | AB17: 0.36 | AC17: 0.35 | AD17: 0.36 | AE17: 0.33 | AF17: 0.36 | AG17: 0.37 | AH17: 0.4 | AI17: 0.37 | AJ17: 0.37 | AK17: 0.35 | AL17: =IFERROR(AVERAGE(E17:AK17),0) -> 0.35666667
B18: C-1.4 | C18: Explains the functioning of local institutions (family, school, bank/post office, market, and panchayat) in different forms (story, drawing, tabulating data, reports), and analyses their roles | D18: 0.56 | E18: 0.52 | F18: 0.46 | G18: 0.52 | H18: 0.47 | I18: 0.51 | J18: 0.46 | K18: 0.5 | L18: 0.47 | M18: 0.46 | N18: 0.52 | O18: 0.57 | P18: 0.5 | Q18: 0.52 | R18: 0.46 | S18: 0.5 | T18: 0.55 | U18: 0.53 | V18: 0.47 | W18: 0.54 | X18: 0.5 | Y18: 0.5 | Z18: 0.47 | AA18: 0.49 | AB18: 0.52 | AC18: 0.51 | AD18: 0.54 | AE18: 0.52 | AF18: 0.48 | AG18: 0.54 | AH18: 0.58 | AI18: 0.55 | AJ18: 0.53 | AK18: 0.52 | AL18: =IFERROR(AVERAGE(E18:AK18),0) -> 0.50848485
B19: C-2.1 | C19: Identifies natural and human-made systems that support their lives (water supply, water cycle, river flow systems, seasons, life cycle of plants and animals, food, household items, transport, communication, electricity in the home) | D19: 0.51 | E19: 0.5 | F19: 0.45 | G19: 0.48 | H19: 0.47 | I19: 0.49 | J19: 0.45 | K19: 0.53 | L19: 0.47 | M19: 0.45 | N19: 0.54 | O19: 0.53 | P19: 0.5 | Q19: 0.55 | R19: 0.44 | S19: 0.49 | T19: 0.51 | U19: 0.46 | V19: 0.48 | W19: 0.51 | X19: 0.47 | Y19: 0.49 | Z19: 0.45 | AA19: 0.49 | AB19: 0.49 | AC19: 0.51 | AD19: 0.51 | AE19: 0.45 | AF19: 0.49 | AG19: 0.49 | AH19: 0.53 | AI19: 0.56 | AJ19: 0.5 | AK19: 0.49 | AL19: =IFERROR(AVERAGE(E19:AK19),0) -> 0.49151515
B20: C-2.2 | C20: Describes the relationship between the natural environment and cultural practices in their immediate environment (nature of work, food, festivals, traditions) | D20: 0.38 | E20: 0.39 | F20: 0.35 | G20: 0.41 | H20: 0.36 | I20: 0.39 | J20: 0.36 | K20: 0.37 | L20: 0.35 | M20: 0.35 | N20: 0.45 | O20: 0.4 | P20: 0.4 | Q20: 0.37 | R20: 0.35 | S20: 0.33 | T20: 0.4 | U20: 0.33 | V20: 0.33 | W20: 0.38 | X20: 0.37 | Y20: 0.37 | Z20: 0.34 | AA20: 0.37 | AB20: 0.38 | AC20: 0.39 | AD20: 0.35 | AE20: 0.36 | AF20: 0.35 | AG20: 0.35 | AH20: 0.4 | AI20: 0.44 | AJ20: 0.37 | AK20: 0.38 | AL20: =IFERROR(AVERAGE(E20:AK20),0) -> 0.37242424
B21: C-3.1 | C21: Describes the basic safety needs and protection (health and hygiene, food, water, shelter, precautions, awareness of emergency situations, abuse, and unsafe situations) of humans, birds, and animals | D21: 0.57 | E21: 0.55 | F21: 0.53 | G21: 0.54 | H21: 0.52 | I21: 0.58 | J21: 0.51 | K21: 0.58 | L21: 0.56 | M21: 0.48 | N21: 0.57 | O21: 0.58 | P21: 0.49 | Q21: 0.58 | R21: 0.5 | S21: 0.54 | T21: 0.59 | U21: 0.57 | V21: 0.52 | W21: 0.6 | X21: 0.53 | Y21: 0.56 | Z21: 0.5 | AA21: 0.54 | AB21: 0.53 | AC21: 0.58 | AD21: 0.56 | AE21: 0.55 | AF21: 0.52 | AG21: 0.55 | AH21: 0.6 | AI21: 0.6 | AJ21: 0.56 | AK21: 0.53 | AL21: =IFERROR(AVERAGE(E21:AK21),0) -> 0.54848485
B22: C-3.2 | C22: Discusses how to prepare for emergency situations (smoke, fire, small injuries, burns, electrical safety, unseasonal rains, fallen trees) based on discussions with family and community, or personal experiences | D22: 0.45 | E22: 0.41 | F22: 0.35 | G22: 0.42 | H22: 0.35 | I22: 0.39 | J22: 0.33 | K22: 0.38 | L22: 0.38 | M22: 0.35 | N22: 0.4 | O22: 0.39 | P22: 0.4 | Q22: 0.4 | R22: 0.34 | S22: 0.4 | T22: 0.4 | U22: 0.37 | V22: 0.37 | W22: 0.4 | X22: 0.37 | Y22: 0.36 | Z22: 0.39 | AA22: 0.38 | AB22: 0.39 | AC22: 0.4 | AD22: 0.35 | AE22: 0.4 | AF22: 0.36 | AG22: 0.4 | AH22: 0.4 | AI22: 0.41 | AJ22: 0.41 | AK22: 0.39 | AL22: =IFERROR(AVERAGE(E22:AK22),0) -> 0.3830303
B23: C-4.1 | C23: Observes and describes diversity among plants, and birds and animals in their immediate environment (shape, sounds, food habits, growth, habitat) | D23: 0.54 | E23: 0.52 | F23: 0.46 | G23: 0.51 | H23: 0.47 | I23: 0.51 | J23: 0.48 | K23: 0.5 | L23: 0.49 | M23: 0.43 | N23: 0.53 | O23: 0.53 | P23: 0.48 | Q23: 0.55 | R23: 0.47 | S23: 0.52 | T23: 0.53 | U23: 0.49 | V23: 0.48 | W23: 0.52 | X23: 0.5 | Y23: 0.49 | Z23: 0.47 | AA23: 0.52 | AB23: 0.5 | AC23: 0.51 | AD23: 0.49 | AE23: 0.47 | AF23: 0.5 | AG23: 0.53 | AH23: 0.56 | AI23: 0.54 | AJ23: 0.52 | AK23: 0.52 | AL23: =IFERROR(AVERAGE(E23:AK23),0) -> 0.50272727
B24: C-4.3 | C24: Describes usage of natural resources in their immediate environment | D24: 0.5 | E24: 0.45 | F24: 0.39 | G24: 0.43 | H24: 0.42 | I24: 0.41 | J24: 0.4 | K24: 0.43 | L24: 0.4 | M24: 0.41 | N24: 0.42 | O24: 0.48 | P24: 0.45 | Q24: 0.47 | R24: 0.42 | S24: 0.44 | T24: 0.47 | U24: 0.43 | V24: 0.42 | W24: 0.47 | X24: 0.4 | Y24: 0.39 | Z24: 0.42 | AA24: 0.43 | AB24: 0.43 | AC24: 0.44 | AD24: 0.41 | AE24: 0.43 | AF24: 0.4 | AG24: 0.44 | AH24: 0.48 | AI24: 0.46 | AJ24: 0.45 | AK24: 0.43 | AL24: =IFERROR(AVERAGE(E24:AK24),0) -> 0.43090909
B25: C-4.7 | C25: Learns about basic social and behavioural norms, values, and dispositions that benefit our social and natural environments and that help our society function smoothly (using dustbins, standing in queues, conserving water, using public transportation, keeping one’s environment clean, always helping others in need regardless of background) | D25: 0.51 | E25: 0.47 | F25: 0.41 | G25: 0.46 | H25: 0.43 | I25: 0.48 | J25: 0.45 | K25: 0.48 | L25: 0.44 | M25: 0.44 | N25: 0.5 | O25: 0.47 | P25: 0.46 | Q25: 0.47 | R25: 0.42 | S25: 0.46 | T25: 0.48 | U25: 0.43 | V25: 0.44 | W25: 0.45 | X25: 0.45 | Y25: 0.48 | Z25: 0.45 | AA25: 0.45 | AB25: 0.46 | AC25: 0.44 | AD25: 0.45 | AE25: 0.46 | AF25: 0.41 | AG25: 0.46 | AH25: 0.5 | AI25: 0.5 | AJ25: 0.46 | AK25: 0.45 | AL25: =IFERROR(AVERAGE(E25:AK25),0) -> 0.45636364
B26: C-5.3 | C26: Reads simple maps of city, state, and country to identify natural and human-made features (well, lake, post office, school, hospital) with reference to symbols and directions | D26: 0.46 | E26: 0.41 | F26: 0.37 | G26: 0.45 | H26: 0.37 | I26: 0.41 | J26: 0.38 | K26: 0.4 | L26: 0.39 | M26: 0.37 | N26: 0.41 | O26: 0.44 | P26: 0.42 | Q26: 0.46 | R26: 0.37 | S26: 0.43 | T26: 0.43 | U26: 0.43 | V26: 0.36 | W26: 0.42 | X26: 0.41 | Y26: 0.42 | Z26: 0.37 | AA26: 0.43 | AB26: 0.43 | AC26: 0.39 | AD26: 0.41 | AE26: 0.4 | AF26: 0.41 | AG26: 0.44 | AH26: 0.44 | AI26: 0.45 | AJ26: 0.42 | AK26: 0.4 | AL26: =IFERROR(AVERAGE(E26:AK26),0) -> 0.41030303
A28: SUBJECT-WISE AVERAGE MASTERY BY DISTRICT - Preparatory Stage (Grade 6)
A29: Subject | E29: =Districts_Setup!$B$4 -> Ahmedabad | F29: =Districts_Setup!$B$5 -> Amreli | G29: =Districts_Setup!$B$6 -> Anand | H29: =Districts_Setup!$B$7 -> Aravalli | I29: =Districts_Setup!$B$8 -> Banaskantha | J29: =Districts_Setup!$B$9 -> Bharuch | K29: =Districts_Setup!$B$10 -> Bhavnagar | L29: =Districts_Setup!$B$11 -> Botad | M29: =Districts_Setup!$B$12 -> Chhota Udepur | N29: =Districts_Setup!$B$13 -> Dahod | O29: =Districts_Setup!$B$14 -> Dang | P29: =Districts_Setup!$B$15 -> Devbhoomi Dwarka | Q29: =Districts_Setup!$B$16 -> Gandhinagar | R29: =Districts_Setup!$B$17 -> Gir Somnath | S29: =Districts_Setup!$B$18 -> Jamnagar | T29: =Districts_Setup!$B$19 -> Junagadh | U29: =Districts_Setup!$B$20 -> Kutch | V29: =Districts_Setup!$B$21 -> Kheda | W29: =Districts_Setup!$B$22 -> Mahisagar | X29: =Districts_Setup!$B$23 -> Mehsana | Y29: =Districts_Setup!$B$24 -> Morbi | Z29: =Districts_Setup!$B$25 -> Narmada | AA29: =Districts_Setup!$B$26 -> Navsari | AB29: =Districts_Setup!$B$27 -> Panchmahal | AC29: =Districts_Setup!$B$28 -> Patan | AD29: =Districts_Setup!$B$29 -> Porbandar | AE29: =Districts_Setup!$B$30 -> Rajkot | AF29: =Districts_Setup!$B$31 -> Sabarkantha | AG29: =Districts_Setup!$B$32 -> Surat | AH29: =Districts_Setup!$B$33 -> Surendranagar | AI29: =Districts_Setup!$B$34 -> Tapi | AJ29: =Districts_Setup!$B$35 -> Vadodara | AK29: =Districts_Setup!$B$36 -> Valsad | AL29: National Avg
A30: Language | E30: =IFERROR(AVERAGE(E4:E5),0) -> 0.515 | F30: =IFERROR(AVERAGE(F4:F5),0) -> 0.48 | G30: =IFERROR(AVERAGE(G4:G5),0) -> 0.535 | H30: =IFERROR(AVERAGE(H4:H5),0) -> 0.49 | I30: =IFERROR(AVERAGE(I4:I5),0) -> 0.525 | J30: =IFERROR(AVERAGE(J4:J5),0) -> 0.455 | K30: =IFERROR(AVERAGE(K4:K5),0) -> 0.525 | L30: =IFERROR(AVERAGE(L4:L5),0) -> 0.505 | ... AK30: =IFERROR(AVERAGE(AK4:AK5),0) -> 0.515 | AL30: =IFERROR(AVERAGE(D4:D5),0) -> 0.57
A31: Mathematics | E31: =IFERROR(AVERAGE(E6:E15),0) -> 0.388 | F31: =IFERROR(AVERAGE(F6:F15),0) -> 0.332 | G31: =IFERROR(AVERAGE(G6:G15),0) -> 0.395 | H31: =IFERROR(AVERAGE(H6:H15),0) -> 0.362 | I31: =IFERROR(AVERAGE(I6:I15),0) -> 0.383 | J31: =IFERROR(AVERAGE(J6:J15),0) -> 0.348 | K31: =IFERROR(AVERAGE(K6:K15),0) -> 0.376 | L31: =IFERROR(AVERAGE(L6:L15),0) -> 0.366 | ... AK31: =IFERROR(AVERAGE(AK6:AK15),0) -> 0.378 | AL31: =IFERROR(AVERAGE(D6:D15),0) -> 0.441
A32: The World Around Us | E32: =IFERROR(AVERAGE(E16:E26),0) -> 0.45545455 | F32: =IFERROR(AVERAGE(F16:F26),0) -> 0.40727273 | G32: =IFERROR(AVERAGE(G16:G26),0) -> 0.45818182 | H32: =IFERROR(AVERAGE(H16:H26),0) -> 0.42454545 | I32: =IFERROR(AVERAGE(I16:I26),0) -> 0.45454545 | J32: =IFERROR(AVERAGE(J16:J26),0) -> 0.41636364 | K32: =IFERROR(AVERAGE(K16:K26),0) -> 0.45454545 | L32: =IFERROR(AVERAGE(L16:L26),0) -> 0.42636364 | ... AK32: =IFERROR(AVERAGE(AK16:AK26),0) -> 0.44454545 | AL32: =IFERROR(AVERAGE(D16:D26),0) -> 0.48181818
A33: OVERALL PREPARATORY STAGE (GRADE 6) AVERAGE | E33: =IFERROR(AVERAGE(E30:E32),0) -> 0.45281818 | F33: =IFERROR(AVERAGE(F30:F32),0) -> 0.40642424 | G33: =IFERROR(AVERAGE(G30:G32),0) -> 0.46272727 | H33: =IFERROR(AVERAGE(H30:H32),0) -> 0.42551515 | I33: =IFERROR(AVERAGE(I30:I32),0) -> 0.45418182 | J33: =IFERROR(AVERAGE(J30:J32),0) -> 0.40645455 | K33: =IFERROR(AVERAGE(K30:K32),0) -> 0.45184848 | L33: =IFERROR(AVERAGE(L30:L32),0) -> 0.43245455 | ... AL33: =IFERROR(AVERAGE(AL30:AL32),0) -> 0.49760606

Sheet PARAKH_Middle_G9
A1: Gujarat - PARAKH Learning Achievement: Middle Stage (Grade 9) - All Competencies x All 33 Districts
A2: Enter the proportion of district students (0-1, e.g. 0.62 for 62%) who mastered each competency, from the PARAKH RS district-wise report (dashboard.parakh.ncert.gov.in). District Average and Gap vs National compute automatically.
A3: Subject | B3: Competency Code | C3: Competency Description | D3: National (Benchmark) | E3: =Districts_Setup!$B$4 -> Ahmedabad | F3: =Districts_Setup!$B$5 -> Amreli | G3: =Districts_Setup!$B$6 -> Anand | H3: =Districts_Setup!$B$7 -> Aravalli | I3: =Districts_Setup!$B$8 -> Banaskantha | J3: =Districts_Setup!$B$9 -> Bharuch | K3: =Districts_Setup!$B$10 -> Bhavnagar | L3: =Districts_Setup!$B$11 -> Botad | M3: =Districts_Setup!$B$12 -> Chhota Udepur | N3: =Districts_Setup!$B$13 -> Dahod | O3: =Districts_Setup!$B$14 -> Dang | P3: =Districts_Setup!$B$15 -> Devbhoomi Dwarka | Q3: =Districts_Setup!$B$16 -> Gandhinagar | R3: =Districts_Setup!$B$17 -> Gir Somnath | S3: =Districts_Setup!$B$18 -> Jamnagar | T3: =Districts_Setup!$B$19 -> Junagadh | U3: =Districts_Setup!$B$20 -> Kutch | V3: =Districts_Setup!$B$21 -> Kheda | W3: =Districts_Setup!$B$22 -> Mahisagar | X3: =Districts_Setup!$B$23 -> Mehsana | Y3: =Districts_Setup!$B$24 -> Morbi | Z3: =Districts_Setup!$B$25 -> Narmada | AA3: =Districts_Setup!$B$26 -> Navsari | AB3: =Districts_Setup!$B$27 -> Panchmahal | AC3: =Districts_Setup!$B$28 -> Patan | AD3: =Districts_Setup!$B$29 -> Porbandar | AE3: =Districts_Setup!$B$30 -> Rajkot | AF3: =Districts_Setup!$B$31 -> Sabarkantha | AG3: =Districts_Setup!$B$32 -> Surat | AH3: =Districts_Setup!$B$33 -> Surendranagar | AI3: =Districts_Setup!$B$34 -> Tapi | AJ3: =Districts_Setup!$B$35 -> Vadodara | AK3: =Districts_Setup!$B$36 -> Valsad | AL3: District Avg | AM3: How to Enter This Value
A4: Language | B4: C-1.1 | C4: Identifies main points and summarises from careful listening or reading of the text (news articles, reports, editorials) | D4: 0.54 | E4: 0.48 | F4: 0.5 | G4: 0.48 | H4: 0.44 | I4: 0.51 | J4: 0.51 | K4: 0.53 | L4: 0.48 | M4: 0.43 | N4: 0.4 | O4: 0.44 | P4: 0.54 | Q4: 0.59 | R4: 0.45 | S4: 0.53 | T4: 0.52 | U4: 0.53 | V4: 0.45 | W4: 0.44 | X4: 0.5 | Y4: 0.49 | Z4: 0.5 | AA4: 0.53 | AB4: 0.44 | AC4: 0.48 | AD4: 0.49 | AE4: 0.53 | AF4: 0.48 | AG4: 0.56 | AH4: 0.46 | AI4: 0.53 | AJ4: 0.55 | AK4: 0.5 | AL4: =IFERROR(AVERAGE(E4:AK4),0) -> 0.49363636 | AM4: Enter as a decimal 0-1 (e.g. 0.62 for 62%) of this district's tested students who mastered the competency.
A5: Mathematics | B5: C-1.2 | C5: Discovers, identifies, and explores patterns in numbers and describes rules for their formation (e.g., multiples of 7, powers of 3, prime numbers), and explains relations between different patterns | D5: 0.39 | E5: 0.35 | F5: 0.36 | G5: 0.34 | H5: 0.35 | I5: 0.37 | J5: 0.34 | K5: 0.37 | L5: 0.34 | M5: 0.29 | N5: 0.3 | O5: 0.29 | P5: 0.38 | Q5: 0.42 | R5: 0.33 | S5: 0.35 | T5: 0.34 | U5: 0.36 | V5: 0.31 | W5: 0.34 | X5: 0.35 | Y5: 0.38 | Z5: 0.32 | AA5: 0.36 | AB5: 0.31 | AC5: 0.37 | AD5: 0.31 | AE5: 0.38 | AF5: 0.35 | AG5: 0.39 | AH5: 0.34 | AI5: 0.31 | AJ5: 0.36 | AK5: 0.35 | AL5: =IFERROR(AVERAGE(E5:AK5),0) -> 0.34575758
B6: C-1.4 | C6: Explores and understands sets of numbers, such as whole numbers, fractions, integers, rational numbers, and real numbers, and their properties, and visualises them on the number line | D6: 0.31 | E6: 0.28 | F6: 0.26 | G6: 0.3 | H6: 0.25 | I6: 0.28 | J6: 0.3 | K6: 0.27 | L6: 0.25 | M6: 0.28 | N6: 0.28 | O6: 0.24 | P6: 0.29 | Q6: 0.3 | R6: 0.28 | S6: 0.3 | T6: 0.29 | U6: 0.27 | V6: 0.27 | W6: 0.29 | X6: 0.28 | Y6: 0.25 | Z6: 0.25 | AA6: 0.28 | AB6: 0.26 | AC6: 0.28 | AD6: 0.28 | AE6: 0.3 | AF6: 0.29 | AG6: 0.29 | AH6: 0.28 | AI6: 0.27 | AJ6: 0.3 | AK6: 0.29 | AL6: =IFERROR(AVERAGE(E6:AK6),0) -> 0.27818182
B7: C-1.5 | C7: Explores the idea of percentage and applies it to solve problems | D7: 0.28 | E7: 0.24 | F7: 0.23 | G7: 0.25 | H7: 0.24 | I7: 0.24 | J7: 0.23 | K7: 0.25 | L7: 0.23 | M7: 0.27 | N7: 0.26 | O7: 0.23 | P7: 0.21 | Q7: 0.25 | R7: 0.23 | S7: 0.25 | T7: 0.26 | U7: 0.26 | V7: 0.23 | W7: 0.24 | X7: 0.23 | Y7: 0.21 | Z7: 0.23 | AA7: 0.26 | AB7: 0.24 | AC7: 0.24 | AD7: 0.25 | AE7: 0.23 | AF7: 0.25 | AG7: 0.26 | AH7: 0.27 | AI7: 0.24 | AJ7: 0.26 | AK7: 0.22 | AL7: =IFERROR(AVERAGE(E7:AK7),0) -> 0.24212121
B8: C-1.6 | C8: Explores and applies fractions (both as ratios and in decimal form) in daily-life situations | D8: 0.31 | E8: 0.29 | F8: 0.24 | G8: 0.26 | H8: 0.24 | I8: 0.27 | J8: 0.27 | K8: 0.29 | L8: 0.24 | M8: 0.2 | N8: 0.24 | O8: 0.2 | P8: 0.27 | Q8: 0.3 | R8: 0.25 | S8: 0.29 | T8: 0.28 | U8: 0.28 | V8: 0.26 | W8: 0.26 | X8: 0.26 | Y8: 0.29 | Z8: 0.23 | AA8: 0.28 | AB8: 0.27 | AC8: 0.26 | AD8: 0.24 | AE8: 0.28 | AF8: 0.25 | AG8: 0.3 | AH8: 0.26 | AI8: 0.25 | AJ8: 0.29 | AK8: 0.28 | AL8: =IFERROR(AVERAGE(E8:AK8),0) -> 0.26272727
B9: C-2.2 | C9: Extends the representation of a number in the form of a variable or an algebraic expression using a variable | D9: 0.44 | E9: 0.37 | F9: 0.33 | G9: 0.36 | H9: 0.35 | I9: 0.37 | J9: 0.39 | K9: 0.36 | L9: 0.34 | M9: 0.34 | N9: 0.31 | O9: 0.31 | P9: 0.36 | Q9: 0.42 | R9: 0.34 | S9: 0.39 | T9: 0.37 | U9: 0.39 | V9: 0.34 | W9: 0.35 | X9: 0.36 | Y9: 0.35 | Z9: 0.32 | AA9: 0.39 | AB9: 0.33 | AC9: 0.34 | AD9: 0.33 | AE9: 0.39 | AF9: 0.34 | AG9: 0.41 | AH9: 0.34 | AI9: 0.36 | AJ9: 0.39 | AK9: 0.37 | AL9: =IFERROR(AVERAGE(E9:AK9),0) -> 0.35787879
B10: C-2.3 | C10: Forms algebraic expressions using variables, coefficients, and constants and manipulates them through basic operations | D10: 0.38 | E10: 0.34 | F10: 0.29 | G10: 0.31 | H10: 0.31 | I10: 0.31 | J10: 0.31 | K10: 0.3 | L10: 0.3 | M10: 0.3 | N10: 0.28 | O10: 0.27 | P10: 0.33 | Q10: 0.37 | R10: 0.32 | S10: 0.33 | T10: 0.32 | U10: 0.32 | V10: 0.29 | W10: 0.3 | X10: 0.33 | Y10: 0.32 | Z10: 0.28 | AA10: 0.35 | AB10: 0.28 | AC10: 0.3 | AD10: 0.31 | AE10: 0.35 | AF10: 0.33 | AG10: 0.36 | AH10: 0.31 | AI10: 0.3 | AJ10: 0.36 | AK10: 0.32 | AL10: =IFERROR(AVERAGE(E10:AK10),0) -> 0.31515152
B11: C-2.5 | C11: Develops own methods to solve puzzles and problems using algebraic thinking | D11: 0.37 | E11: 0.3 | F11: 0.31 | G11: 0.31 | H11: 0.33 | I11: 0.29 | J11: 0.33 | K11: 0.34 | L11: 0.3 | M11: 0.31 | N11: 0.29 | O11: 0.28 | P11: 0.34 | Q11: 0.36 | R11: 0.31 | S11: 0.33 | T11: 0.31 | U11: 0.29 | V11: 0.29 | W11: 0.32 | X11: 0.32 | Y11: 0.28 | Z11: 0.28 | AA11: 0.35 | AB11: 0.29 | AC11: 0.33 | AD11: 0.33 | AE11: 0.29 | AF11: 0.33 | AG11: 0.31 | AH11: 0.31 | AI11: 0.33 | AJ11: 0.34 | AK11: 0.32 | AL11: =IFERROR(AVERAGE(E11:AK11),0) -> 0.31363636
B12: C-3.2 | C12: Outlines the properties of lines, angles, triangles, quadrilaterals, and polygons and applies them to solve related problems | D12: 0.37 | E12: 0.32 | F12: 0.24 | G12: 0.29 | H12: 0.27 | I12: 0.28 | J12: 0.33 | K12: 0.28 | L12: 0.26 | M12: 0.27 | N12: 0.25 | O12: 0.22 | P12: 0.31 | Q12: 0.32 | R12: 0.27 | S12: 0.32 | T12: 0.31 | U12: 0.32 | V12: 0.27 | W12: 0.26 | X12: 0.29 | Y12: 0.26 | Z12: 0.28 | AA12: 0.31 | AB12: 0.27 | AC12: 0.3 | AD12: 0.31 | AE12: 0.31 | AF12: 0.29 | AG12: 0.31 | AH12: 0.27 | AI12: 0.29 | AJ12: 0.34 | AK12: 0.28 | AL12: =IFERROR(AVERAGE(E12:AK12),0) -> 0.28787879
B13: C-3.5 | C13: Understands congruence and similarity as it applies to geometric shapes and identifies similar and congruent triangles | D13: 0.4 | E13: 0.34 | F13: 0.34 | G13: 0.36 | H13: 0.34 | I13: 0.33 | J13: 0.38 | K13: 0.36 | L13: 0.31 | M13: 0.33 | N13: 0.29 | O13: 0.29 | P13: 0.37 | Q13: 0.42 | R13: 0.32 | S13: 0.36 | T13: 0.35 | U13: 0.35 | V13: 0.31 | W13: 0.32 | X13: 0.35 | Y13: 0.33 | Z13: 0.32 | AA13: 0.39 | AB13: 0.3 | AC13: 0.33 | AD13: 0.34 | AE13: 0.37 | AF13: 0.36 | AG13: 0.39 | AH13: 0.33 | AI13: 0.34 | AJ13: 0.39 | AK13: 0.35 | AL13: =IFERROR(AVERAGE(E13:AK13),0) -> 0.34424242
B14: C-4.1 | C14: Discovers, understands, and uses formulae to determine the area of a square, triangle, parallelogram, and trapezium and develops strategies to find the areas of composite 2D shapes | D14: 0.39 | E14: 0.32 | F14: 0.32 | G14: 0.32 | H14: 0.29 | I14: 0.31 | J14: 0.32 | K14: 0.34 | L14: 0.29 | M14: 0.28 | N14: 0.29 | O14: 0.27 | P14: 0.33 | Q14: 0.4 | R14: 0.3 | S14: 0.36 | T14: 0.33 | U14: 0.34 | V14: 0.28 | W14: 0.29 | X14: 0.31 | Y14: 0.31 | Z14: 0.28 | AA14: 0.36 | AB14: 0.28 | AC14: 0.31 | AD14: 0.3 | AE14: 0.36 | AF14: 0.33 | AG14: 0.38 | AH14: 0.32 | AI14: 0.33 | AJ14: 0.37 | AK14: 0.33 | AL14: =IFERROR(AVERAGE(E14:AK14),0) -> 0.31969697
B15: C-5.1 | C15: Collects, organises, and interprets the data using measures of central tendencies such as average/mean, mode, and median | D15: 0.41 | E15: 0.37 | F15: 0.35 | G15: 0.37 | H15: 0.33 | I15: 0.37 | J15: 0.39 | K15: 0.4 | L15: 0.36 | M15: 0.33 | N15: 0.31 | O15: 0.32 | P15: 0.4 | Q15: 0.41 | R15: 0.38 | S15: 0.41 | T15: 0.39 | U15: 0.39 | V15: 0.3 | W15: 0.35 | X15: 0.34 | Y15: 0.35 | Z15: 0.35 | AA15: 0.38 | AB15: 0.34 | AC15: 0.37 | AD15: 0.38 | AE15: 0.4 | AF15: 0.35 | AG15: 0.4 | AH15: 0.36 | AI15: 0.37 | AJ15: 0.41 | AK15: 0.37 | AL15: =IFERROR(AVERAGE(E15:AK15),0) -> 0.36666667
B16: C-6.1 | C16: Applies both inductive and deductive logic to formulate definitions and conjectures, evaluate and produce convincing arguments or proofs to turn these definitions and conjectures into theorems or correct statements, particularly in the areas of algebra, elementary number theory, and geometry | D16: 0.29 | E16: 0.28 | F16: 0.23 | G16: 0.25 | H16: 0.26 | I16: 0.26 | J16: 0.25 | K16: 0.25 | L16: 0.24 | M16: 0.27 | N16: 0.28 | O16: 0.22 | P16: 0.27 | Q16: 0.27 | R16: 0.25 | S16: 0.24 | T16: 0.24 | U16: 0.27 | V16: 0.25 | W16: 0.26 | X16: 0.28 | Y16: 0.23 | Z16: 0.26 | AA16: 0.26 | AB16: 0.26 | AC16: 0.26 | AD16: 0.22 | AE16: 0.24 | AF16: 0.27 | AG16: 0.29 | AH16: 0.24 | AI16: 0.26 | AJ16: 0.29 | AK16: 0.24 | AL16: =IFERROR(AVERAGE(E16:AK16),0) -> 0.25575758
A17: Science | B17: C-1.1 | C17: Classifies matter based on observable physical (solid, liquid, gas, shape, volume, density, transparent, opaque, translucent, magnetic, non-magnetic, conducting, non-conducting) and chemical (pure, impure; acid, base; metal, non-metal; element, compound) characteristics | D17: 0.36 | E17: 0.28 | F17: 0.25 | G17: 0.3 | H17: 0.3 | I17: 0.3 | J17: 0.34 | K17: 0.29 | L17: 0.27 | M17: 0.29 | N17: 0.31 | O17: 0.26 | P17: 0.27 | Q17: 0.35 | R17: 0.27 | S17: 0.27 | T17: 0.3 | U17: 0.28 | V17: 0.25 | W17: 0.3 | X17: 0.28 | Y17: 0.29 | Z17: 0.32 | AA17: 0.33 | AB17: 0.3 | AC17: 0.28 | AD17: 0.25 | AE17: 0.31 | AF17: 0.3 | AG17: 0.35 | AH17: 0.25 | AI17: 0.32 | AJ17: 0.28 | AK17: 0.3 | AL17: =IFERROR(AVERAGE(E17:AK17),0) -> 0.29212121
B18: C-1.2 | C18: Describes changes in matter (physical and chemical) and uses particulate nature to represent the properties of matter and the changes | D18: 0.38 | E18: 0.38 | F18: 0.35 | G18: 0.34 | H18: 0.33 | I18: 0.31 | J18: 0.32 | K18: 0.35 | L18: 0.32 | M18: 0.32 | N18: 0.27 | O18: 0.31 | P18: 0.29 | Q18: 0.38 | R18: 0.38 | S18: 0.38 | T18: 0.37 | U18: 0.38 | V18: 0.32 | W18: 0.36 | X18: 0.3 | Y18: 0.33 | Z18: 0.29 | AA18: 0.34 | AB18: 0.33 | AC18: 0.31 | AD18: 0.38 | AE18: 0.36 | AF18: 0.35 | AG18: 0.38 | AH18: 0.34 | AI18: 0.34 | AJ18: 0.4 | AK18: 0.38 | AL18: =IFERROR(AVERAGE(E18:AK18),0) -> 0.34212121
B19: C-1.4 | C19: Observes and explains the phenomena caused due to differences in pressure, temperature, and density (e.g., breathing, sinking-floating, water pumps in homes, cooling of things, formation of winds) | D19: 0.37 | E19: 0.33 | F19: 0.32 | G19: 0.31 | H19: 0.33 | I19: 0.35 | J19: 0.32 | K19: 0.35 | L19: 0.32 | M19: 0.35 | N19: 0.27 | O19: 0.4 | P19: 0.24 | Q19: 0.36 | R19: 0.31 | S19: 0.37 | T19: 0.37 | U19: 0.34 | V19: 0.31 | W19: 0.33 | X19: 0.37 | Y19: 0.31 | Z19: 0.28 | AA19: 0.32 | AB19: 0.32 | AC19: 0.34 | AD19: 0.3 | AE19: 0.37 | AF19: 0.29 | AG19: 0.38 | AH19: 0.32 | AI19: 0.38 | AJ19: 0.37 | AK19: 0.33 | AL19: =IFERROR(AVERAGE(E19:AK19),0) -> 0.33212121
B20: C-2.1 | C20: Describes one-dimensional motion (uniform, nonuniform, horizontal, vertical) using physical measurements (position, speed, and changes in speed) through mathematical and diagrammatic representations | D20: 0.41 | E20: 0.39 | F20: 0.38 | G20: 0.34 | H20: 0.35 | I20: 0.36 | J20: 0.4 | K20: 0.38 | L20: 0.33 | M20: 0.33 | N20: 0.32 | O20: 0.38 | P20: 0.34 | Q20: 0.45 | R20: 0.36 | S20: 0.38 | T20: 0.37 | U20: 0.42 | V20: 0.35 | W20: 0.36 | X20: 0.35 | Y20: 0.4 | Z20: 0.34 | AA20: 0.4 | AB20: 0.33 | AC20: 0.38 | AD20: 0.37 | AE20: 0.36 | AF20: 0.35 | AG20: 0.39 | AH20: 0.36 | AI20: 0.36 | AJ20: 0.43 | AK20: 0.39 | AL20: =IFERROR(AVERAGE(E20:AK20),0) -> 0.36969697
B21: C-2.2 | C21: Describes how electricity works through manipulating different elements in simple circuits and demonstrates the heating and magnetic effects of electricity | D21: 0.33 | E21: 0.31 | F21: 0.3 | G21: 0.29 | H21: 0.3 | I21: 0.31 | J21: 0.31 | K21: 0.31 | L21: 0.31 | M21: 0.24 | N21: 0.25 | O21: 0.33 | P21: 0.26 | Q21: 0.39 | R21: 0.29 | S21: 0.32 | T21: 0.35 | U21: 0.31 | V21: 0.29 | W21: 0.32 | X21: 0.31 | Y21: 0.34 | Z21: 0.32 | AA21: 0.31 | AB21: 0.31 | AC21: 0.32 | AD21: 0.33 | AE21: 0.35 | AF21: 0.29 | AG21: 0.36 | AH21: 0.3 | AI21: 0.3 | AJ21: 0.36 | AK21: 0.32 | AL21: =IFERROR(AVERAGE(E21:AK21),0) -> 0.31242424
B22: C-2.3 | C22: Describes the properties of a magnet (natural and artificial; Earth as a magnet) | D22: 0.41 | E22: 0.4 | F22: 0.38 | G22: 0.37 | H22: 0.37 | I22: 0.36 | J22: 0.39 | K22: 0.35 | L22: 0.35 | M22: 0.33 | N22: 0.33 | O22: 0.39 | P22: 0.32 | Q22: 0.44 | R22: 0.34 | S22: 0.36 | T22: 0.38 | U22: 0.37 | V22: 0.34 | W22: 0.34 | X22: 0.33 | Y22: 0.36 | Z22: 0.34 | AA22: 0.4 | AB22: 0.35 | AC22: 0.35 | AD22: 0.33 | AE22: 0.4 | AF22: 0.36 | AG22: 0.38 | AH22: 0.34 | AI22: 0.41 | AJ22: 0.41 | AK22: 0.37 | AL22: =IFERROR(AVERAGE(E22:AK22),0) -> 0.36484848
B23: C-2.4 | C23: Demonstrates rectilinear propagation of light from different sources (natural, artificial, reflecting surfaces), verifies the laws of reflection through manipulation of light sources and objects and the use of apparatus and artefacts (such as plane and curved mirrors, pinhole camera, kaleidoscope, periscope) | D23: 0.45 | E23: 0.44 | F23: 0.45 | G23: 0.43 | H23: 0.41 | I23: 0.39 | J23: 0.49 | K23: 0.46 | L23: 0.44 | M23: 0.39 | N23: 0.38 | O23: 0.44 | P23: 0.25 | Q23: 0.48 | R23: 0.41 | S23: 0.48 | T23: 0.41 | U23: 0.46 | V23: 0.35 | W23: 0.42 | X23: 0.39 | Y23: 0.39 | Z23: 0.43 | AA23: 0.42 | AB23: 0.36 | AC23: 0.44 | AD23: 0.41 | AE23: 0.48 | AF23: 0.41 | AG23: 0.45 | AH23: 0.36 | AI23: 0.42 | AJ23: 0.46 | AK23: 0.47 | AL23: =IFERROR(AVERAGE(E23:AK23),0) -> 0.42030303
B24: C-3.1 | C24: Describes the diversity of living things observed in the natural surroundings (insects, earthworms, snails, birds, mammals, reptiles, spiders, diverse plants, and fungi), including at a smaller scale (microscopic organisms) | D24: 0.47 | E24: 0.49 | F24: 0.53 | G24: 0.49 | H24: 0.44 | I24: 0.52 | J24: 0.53 | K24: 0.55 | L24: 0.49 | M24: 0.47 | N24: 0.46 | O24: 0.57 | P24: 0.43 | Q24: 0.57 | R24: 0.48 | S24: 0.56 | T24: 0.52 | U24: 0.47 | V24: 0.48 | W24: 0.49 | X24: 0.5 | Y24: 0.51 | Z24: 0.49 | AA24: 0.53 | AB24: 0.48 | AC24: 0.51 | AD24: 0.53 | AE24: 0.52 | AF24: 0.47 | AG24: 0.55 | AH24: 0.46 | AI24: 0.49 | AJ24: 0.54 | AK24: 0.5 | AL24: =IFERROR(AVERAGE(E24:AK24),0) -> 0.50363636
B25: C-3.2 | C25: Distinguishes the characteristics of living organisms (need for nutrition, growth and development, need for respiration, response to stimuli, reproduction, excretion, cellular organisation) from non-living things | D25: 0.34 | E25: 0.29 | F25: 0.32 | G25: 0.29 | H25: 0.24 | I25: 0.26 | J25: 0.27 | K25: 0.25 | L25: 0.34 | M25: 0.27 | N25: 0.26 | O25: 0.25 | P25: 0.24 | Q25: 0.32 | R25: 0.27 | S25: 0.29 | T25: 0.29 | U25: 0.26 | V25: 0.25 | W25: 0.27 | X25: 0.26 | Y25: 0.26 | Z25: 0.29 | AA25: 0.29 | AB25: 0.28 | AC25: 0.29 | AD25: 0.25 | AE25: 0.26 | AF25: 0.28 | AG25: 0.31 | AH25: 0.3 | AI25: 0.3 | AJ25: 0.34 | AK25: 0.31 | AL25: =IFERROR(AVERAGE(E25:AK25),0) -> 0.28030303
B26: C-4.1 | C26: Undertakes a nutrition-based analysis of food components with special reference to Indian culinary practices and modern understanding of nutrition, and explains the effect of nutrition on health | D26: 0.53 | E26: 0.49 | F26: 0.52 | G26: 0.5 | H26: 0.44 | I26: 0.5 | J26: 0.51 | K26: 0.56 | L26: 0.5 | M26: 0.48 | N26: 0.5 | O26: 0.54 | P26: 0.39 | Q26: 0.59 | R26: 0.46 | S26: 0.54 | T26: 0.56 | U26: 0.53 | V26: 0.49 | W26: 0.51 | X26: 0.42 | Y26: 0.47 | Z26: 0.52 | AA26: 0.56 | AB26: 0.49 | AC26: 0.5 | AD26: 0.51 | AE26: 0.55 | AF26: 0.49 | AG26: 0.56 | AH26: 0.46 | AI26: 0.51 | AJ26: 0.55 | AK26: 0.51 | AL26: =IFERROR(AVERAGE(E26:AK26),0) -> 0.50636364
B27: C-4.3 | C27: Describes biological changes (growth, hormonal) during adolescence, and measures to ensure overall well-being | D27: 0.37 | E27: 0.32 | F27: 0.31 | G27: 0.31 | H27: 0.31 | I27: 0.33 | J27: 0.33 | K27: 0.33 | L27: 0.31 | M27: 0.29 | N27: 0.3 | O27: 0.32 | P27: 0.28 | Q27: 0.36 | R27: 0.3 | S27: 0.36 | T27: 0.34 | U27: 0.35 | V27: 0.31 | W27: 0.31 | X27: 0.32 | Y27: 0.34 | Z27: 0.33 | AA27: 0.38 | AB27: 0.31 | AC27: 0.33 | AD27: 0.29 | AE27: 0.32 | AF27: 0.31 | AG27: 0.35 | AH27: 0.31 | AI27: 0.35 | AJ27: 0.38 | AK27: 0.38 | AL27: =IFERROR(AVERAGE(E27:AK27),0) -> 0.32636364
B28: C-7.3 | C28: Represents real world events and relationships through diagrams and simple mathematical representations | D28: 0.38 | E28: 0.33 | F28: 0.32 | G28: 0.35 | H28: 0.34 | I28: 0.33 | J28: 0.35 | K28: 0.33 | L28: 0.35 | M28: 0.31 | N28: 0.27 | O28: 0.37 | P28: 0.28 | Q28: 0.39 | R28: 0.33 | S28: 0.35 | T28: 0.36 | U28: 0.34 | V28: 0.33 | W28: 0.32 | X28: 0.35 | Y28: 0.32 | Z28: 0.33 | AA28: 0.36 | AB28: 0.29 | AC28: 0.36 | AD28: 0.34 | AE28: 0.34 | AF28: 0.34 | AG28: 0.34 | AH28: 0.34 | AI28: 0.36 | AJ28: 0.38 | AK28: 0.3 | AL28: =IFERROR(AVERAGE(E28:AK28),0) -> 0.33636364
A29: Social Science | B29: C-1.1 | C29: Collects and interprets multiple sources of information (primary and secondary) to understand the historical, cultural, geographical, and socio-political aspects of human life | D29: 0.32 | E29: 0.28 | F29: 0.28 | G29: 0.27 | H29: 0.3 | I29: 0.27 | J29: 0.28 | K29: 0.29 | L29: 0.28 | M29: 0.28 | N29: 0.29 | O29: 0.25 | P29: 0.31 | Q29: 0.29 | R29: 0.31 | S29: 0.27 | T29: 0.29 | U29: 0.29 | V29: 0.25 | W29: 0.29 | X29: 0.26 | Y29: 0.27 | Z29: 0.28 | AA29: 0.29 | AB29: 0.28 | AC29: 0.27 | AD29: 0.27 | AE29: 0.31 | AF29: 0.32 | AG29: 0.29 | AH29: 0.28 | AI29: 0.27 | AJ29: 0.31 | AK29: 0.3 | AL29: =IFERROR(AVERAGE(E29:AK29),0) -> 0.28393939
B30: C-1.2 | C30: Represents and analyses data related to various aspects of human life given in the form of text, tables, charts, diagrams, and maps | D30: 0.53 | E30: 0.53 | F30: 0.53 | G30: 0.52 | H30: 0.46 | I30: 0.51 | J30: 0.53 | K30: 0.57 | L30: 0.5 | M30: 0.46 | N30: 0.47 | O30: 0.53 | P30: 0.4 | Q30: 0.59 | R30: 0.46 | S30: 0.55 | T30: 0.54 | U30: 0.54 | V30: 0.47 | W30: 0.52 | X30: 0.44 | Y30: 0.5 | Z30: 0.49 | AA30: 0.56 | AB30: 0.45 | AC30: 0.49 | AD30: 0.53 | AE30: 0.54 | AF30: 0.48 | AG30: 0.57 | AH30: 0.5 | AI30: 0.53 | AJ30: 0.59 | AK30: 0.52 | AL30: =IFERROR(AVERAGE(E30:AK30),0) -> 0.51121212
B31: C-2.1 | C31: Explains and analyses major changes in the past and their impact on society | D31: 0.39 | E31: 0.36 | F31: 0.34 | G31: 0.33 | H31: 0.33 | I31: 0.33 | J31: 0.37 | K31: 0.38 | L31: 0.34 | M31: 0.34 | N31: 0.32 | O31: 0.36 | P31: 0.28 | Q31: 0.4 | R31: 0.33 | S31: 0.35 | T31: 0.35 | U31: 0.35 | V31: 0.31 | W31: 0.34 | X31: 0.31 | Y31: 0.33 | Z31: 0.32 | AA31: 0.36 | AB31: 0.33 | AC31: 0.35 | AD31: 0.35 | AE31: 0.34 | AF31: 0.32 | AG31: 0.41 | AH31: 0.33 | AI31: 0.34 | AJ31: 0.37 | AK31: 0.34 | AL31: =IFERROR(AVERAGE(E31:AK31),0) -> 0.34272727
B32: C-2.2 | C32: Recognises elements of the continued prevalence of certain beliefs, relationships, practices, and activities in human society, notwithstanding major changes in society | D32: 0.38 | E32: 0.33 | F32: 0.38 | G32: 0.35 | H32: 0.32 | I32: 0.37 | J32: 0.38 | K32: 0.39 | L32: 0.35 | M32: 0.34 | N32: 0.34 | O32: 0.41 | P32: 0.3 | Q32: 0.44 | R32: 0.33 | S32: 0.38 | T32: 0.37 | U32: 0.37 | V32: 0.32 | W32: 0.37 | X32: 0.32 | Y32: 0.36 | Z32: 0.34 | AA32: 0.38 | AB32: 0.34 | AC32: 0.37 | AD32: 0.34 | AE32: 0.39 | AF32: 0.36 | AG32: 0.41 | AH32: 0.34 | AI32: 0.38 | AJ32: 0.41 | AK32: 0.39 | AL32: =IFERROR(AVERAGE(E32:AK32),0) -> 0.36272727
B33: C-3.1 | C33: Analyses the effect of various changes in early human society from nomadism to settled life and early civilisation (such as, the emergence of agriculture, changes in food habits, basic technologies like construction, transport, pottery, metallurgy), and changes in human habitation, family structures and relationships, the nature of work, people’s socio-cultural beliefs and concepts over time (e.g., Ahimsa, and the fallout of major wars or invasions) that significantly impacted human societies | D33: 0.36 | E33: 0.28 | F33: 0.28 | G33: 0.28 | H33: 0.25 | I33: 0.26 | J33: 0.29 | K33: 0.25 | L33: 0.25 | M33: 0.24 | N33: 0.23 | O33: 0.27 | P33: 0.29 | Q33: 0.34 | R33: 0.28 | S33: 0.29 | T33: 0.29 | U33: 0.31 | V33: 0.24 | W33: 0.28 | X33: 0.25 | Y33: 0.24 | Z33: 0.26 | AA33: 0.3 | AB33: 0.29 | AC33: 0.27 | AD33: 0.26 | AE33: 0.3 | AF33: 0.31 | AG33: 0.31 | AH33: 0.25 | AI33: 0.26 | AJ33: 0.35 | AK33: 0.29 | AL33: =IFERROR(AVERAGE(E33:AK33),0) -> 0.2769697
B34: C-4.2 | C34: Assesses the influence of social, cultural, and political institutions on an individual or group or community or society in general | D34: 0.46 | E34: 0.41 | F34: 0.4 | G34: 0.37 | H34: 0.39 | I34: 0.41 | J34: 0.42 | K34: 0.44 | L34: 0.37 | M34: 0.36 | N34: 0.39 | O34: 0.43 | P34: 0.33 | Q34: 0.49 | R34: 0.4 | S34: 0.43 | T34: 0.42 | U34: 0.43 | V34: 0.4 | W34: 0.39 | X34: 0.35 | Y34: 0.4 | Z34: 0.38 | AA34: 0.44 | AB34: 0.39 | AC34: 0.41 | AD34: 0.4 | AE34: 0.44 | AF34: 0.37 | AG34: 0.45 | AH34: 0.37 | AI34: 0.42 | AJ34: 0.48 | AK34: 0.42 | AL34: =IFERROR(AVERAGE(E34:AK34),0) -> 0.40606061
B35: C-6.1 | C35: Explains key natural phenomena, such as, climate, weather, ocean cycles, soil formation, the flow of rivers, and how they are spatially distributed | D35: 0.33 | E35: 0.3 | F35: 0.31 | G35: 0.32 | H35: 0.3 | I35: 0.32 | J35: 0.29 | K35: 0.35 | L35: 0.33 | M35: 0.31 | N35: 0.33 | O35: 0.36 | P35: 0.28 | Q35: 0.36 | R35: 0.29 | S35: 0.32 | T35: 0.34 | U35: 0.3 | V35: 0.29 | W35: 0.33 | X35: 0.31 | Y35: 0.33 | Z35: 0.3 | AA35: 0.35 | AB35: 0.31 | AC35: 0.33 | AD35: 0.3 | AE35: 0.34 | AF35: 0.33 | AG35: 0.34 | AH35: 0.32 | AI35: 0.34 | AJ35: 0.33 | AK35: 0.3 | AL35: =IFERROR(AVERAGE(E35:AK35),0) -> 0.32
B36: C-6.2 | C36: Identifies the distribution of resources, such as, water, agriculture, raw materials, and services across geographies | D36: 0.38 | E36: 0.35 | F36: 0.38 | G36: 0.33 | H36: 0.32 | I36: 0.36 | J36: 0.35 | K36: 0.4 | L36: 0.34 | M36: 0.31 | N36: 0.29 | O36: 0.39 | P36: 0.28 | Q36: 0.41 | R36: 0.35 | S36: 0.39 | T36: 0.38 | U36: 0.38 | V36: 0.33 | W36: 0.38 | X36: 0.29 | Y36: 0.36 | Z36: 0.33 | AA36: 0.39 | AB36: 0.31 | AC36: 0.34 | AD36: 0.37 | AE36: 0.42 | AF36: 0.34 | AG36: 0.39 | AH36: 0.3 | AI36: 0.37 | AJ36: 0.41 | AK36: 0.34 | AL36: =IFERROR(AVERAGE(E36:AK36),0) -> 0.35393939
B37: C-6.3 | C37: Analyses Indian perspectives on and efforts towards conservation and sustainability in society, and advocates the importance of the same, and what more needs to be done in these directions including in the context of global climate change | D37: 0.46 | E37: 0.45 | F37: 0.46 | G37: 0.42 | H37: 0.38 | I37: 0.43 | J37: 0.44 | K37: 0.48 | L37: 0.42 | M37: 0.43 | N37: 0.42 | O37: 0.49 | P37: 0.36 | Q37: 0.5 | R37: 0.4 | S37: 0.45 | T37: 0.47 | U37: 0.43 | V37: 0.39 | W37: 0.44 | X37: 0.39 | Y37: 0.44 | Z37: 0.41 | AA37: 0.48 | AB37: 0.39 | AC37: 0.42 | AD37: 0.41 | AE37: 0.47 | AF37: 0.42 | AG37: 0.5 | AH37: 0.4 | AI37: 0.46 | AJ37: 0.49 | AK37: 0.45 | AL37: =IFERROR(AVERAGE(E37:AK37),0) -> 0.43606061
B38: C-6.4 | C38: Correlates the existence of different patterns of livelihoods with different types of landforms, availability of resources, and climatic conditions and changes (in local, regional, national, and global contexts) | D38: 0.39 | E38: 0.36 | F38: 0.36 | G38: 0.39 | H38: 0.34 | I38: 0.37 | J38: 0.33 | K38: 0.4 | L38: 0.34 | M38: 0.33 | N38: 0.36 | O38: 0.43 | P38: 0.28 | Q38: 0.42 | R38: 0.35 | S38: 0.39 | T38: 0.42 | U38: 0.39 | V38: 0.33 | W38: 0.36 | X38: 0.33 | Y38: 0.39 | Z38: 0.37 | AA38: 0.4 | AB38: 0.34 | AC38: 0.38 | AD38: 0.39 | AE38: 0.39 | AF38: 0.36 | AG38: 0.43 | AH38: 0.34 | AI38: 0.39 | AJ38: 0.4 | AK38: 0.4 | AL38: =IFERROR(AVERAGE(E38:AK38),0) -> 0.37151515
B39: C-7.1 | C39: Explains India’s unity in diversity by recognising commonalities in its rich and diverse cultural elements, languages, art, philosophical ideas, values, clothing, cuisines, traditions, festivals, trade, commerce, and health practices including Ayurveda and yoga | D39: 0.36 | E39: 0.35 | F39: 0.36 | G39: 0.36 | H39: 0.32 | I39: 0.37 | J39: 0.36 | K39: 0.41 | L39: 0.37 | M39: 0.33 | N39: 0.33 | O39: 0.38 | P39: 0.33 | Q39: 0.4 | R39: 0.34 | S39: 0.38 | T39: 0.38 | U39: 0.35 | V39: 0.31 | W39: 0.35 | X39: 0.32 | Y39: 0.36 | Z39: 0.35 | AA39: 0.4 | AB39: 0.34 | AC39: 0.34 | AD39: 0.33 | AE39: 0.36 | AF39: 0.33 | AG39: 0.4 | AH39: 0.33 | AI39: 0.39 | AJ39: 0.38 | AK39: 0.37 | AL39: =IFERROR(AVERAGE(E39:AK39),0) -> 0.3569697
B40: C-7.2 | C40: Discovers the topographical diversity of the Indian landmass from the semi-arid zone in the west and the areas of heavy rains in the north-east to the long coastal areas in the south and the snow-clad mountains in the north, as well as the rich biodiversity of the country | D40: 0.34 | E40: 0.33 | F40: 0.36 | G40: 0.31 | H40: 0.35 | I40: 0.36 | J40: 0.34 | K40: 0.37 | L40: 0.38 | M40: 0.35 | N40: 0.35 | O40: 0.39 | P40: 0.3 | Q40: 0.37 | R40: 0.38 | S40: 0.38 | T40: 0.4 | U40: 0.35 | V40: 0.3 | W40: 0.35 | X40: 0.31 | Y40: 0.35 | Z40: 0.38 | AA40: 0.36 | AB40: 0.33 | AC40: 0.39 | AD40: 0.35 | AE40: 0.38 | AF40: 0.38 | AG40: 0.4 | AH40: 0.38 | AI40: 0.37 | AJ40: 0.33 | AK40: 0.35 | AL40: =IFERROR(AVERAGE(E40:AK40),0) -> 0.3569697
B41: C-8.2 | C41: Explains the process of formation of the Indian Constitution and understands the ideas and ideals of the Indian national movement enshrined in it as well as those drawn from India’s civilisational heritage | D41: 0.45 | E41: 0.44 | F41: 0.45 | G41: 0.38 | H41: 0.4 | I41: 0.47 | J41: 0.43 | K41: 0.48 | L41: 0.42 | M41: 0.4 | N41: 0.4 | O41: 0.46 | P41: 0.36 | Q41: 0.5 | R41: 0.4 | S41: 0.47 | T41: 0.44 | U41: 0.45 | V41: 0.38 | W41: 0.44 | X41: 0.38 | Y41: 0.42 | Z41: 0.44 | AA41: 0.47 | AB41: 0.36 | AC41: 0.42 | AD41: 0.44 | AE41: 0.45 | AF41: 0.42 | AG41: 0.46 | AH41: 0.42 | AI41: 0.48 | AJ41: 0.47 | AK41: 0.43 | AL41: =IFERROR(AVERAGE(E41:AK41),0) -> 0.43121212
... B43: C-9.1 | C43: Explains the key elements of trade and commerce (commodity, production, consumption, and capital) and its impact on individual life and society | D43: 0.5 | E43: 0.42 | F43: 0.47 | G43: 0.44 | H43: 0.39 | I43: 0.46 | J43: 0.42 | K43: 0.47 | L43: 0.45 | M43: 0.39 | N43: 0.45 | O43: 0.51 | P43: 0.4 | Q43: 0.53 | R43: 0.43 | S43: 0.48 | T43: 0.5 | U43: 0.48 | V43: 0.46 | W43: 0.47 | X43: 0.42 | Y43: 0.45 | Z43: 0.42 | AA43: 0.46 | AB43: 0.4 | AC43: 0.5 | AD43: 0.46 | AE43: 0.49 | AF43: 0.48 | AG43: 0.5 | AH43: 0.41 | AI43: 0.47 | AJ43: 0.51 | AK43: 0.47 | AL43: =IFERROR(AVERAGE(E43:AK43),0) -> 0.45636364
A45: SUBJECT-WISE AVERAGE MASTERY BY DISTRICT - Middle Stage (Grade 9)
A46: Subject | E46: =Districts_Setup!$B$4 -> Ahmedabad | F46: =Districts_Setup!$B$5 -> Amreli | G46: =Districts_Setup!$B$6 -> Anand | H46: =Districts_Setup!$B$7 -> Aravalli | I46: =Districts_Setup!$B$8 -> Banaskantha | J46: =Districts_Setup!$B$9 -> Bharuch | K46: =Districts_Setup!$B$10 -> Bhavnagar | L46: =Districts_Setup!$B$11 -> Botad | M46: =Districts_Setup!$B$12 -> Chhota Udepur | N46: =Districts_Setup!$B$13 -> Dahod | O46: =Districts_Setup!$B$14 -> Dang | P46: =Districts_Setup!$B$15 -> Devbhoomi Dwarka | Q46: =Districts_Setup!$B$16 -> Gandhinagar | R46: =Districts_Setup!$B$17 -> Gir Somnath | S46: =Districts_Setup!$B$18 -> Jamnagar | T46: =Districts_Setup!$B$19 -> Junagadh | U46: =Districts_Setup!$B$20 -> Kutch | V46: =Districts_Setup!$B$21 -> Kheda | W46: =Districts_Setup!$B$22 -> Mahisagar | X46: =Districts_Setup!$B$23 -> Mehsana | Y46: =Districts_Setup!$B$24 -> Morbi | Z46: =Districts_Setup!$B$25 -> Narmada | AA46: =Districts_Setup!$B$26 -> Navsari | AB46: =Districts_Setup!$B$27 -> Panchmahal | AC46: =Districts_Setup!$B$28 -> Patan | AD46: =Districts_Setup!$B$29 -> Porbandar | AE46: =Districts_Setup!$B$30 -> Rajkot | AF46: =Districts_Setup!$B$31 -> Sabarkantha | AG46: =Districts_Setup!$B$32 -> Surat | AH46: =Districts_Setup!$B$33 -> Surendranagar | AI46: =Districts_Setup!$B$34 -> Tapi | AJ46: =Districts_Setup!$B$35 -> Vadodara | AK46: =Districts_Setup!$B$36 -> Valsad | AL46: National Avg
A47: Language | E47: =IFERROR(AVERAGE(E4:E4),0) -> 0.48 | F47: =IFERROR(AVERAGE(F4:F4),0) -> 0.5 | G47: =IFERROR(AVERAGE(G4:G4),0) -> 0.48 | H47: =IFERROR(AVERAGE(H4:H4),0) -> 0.44 | I47: =IFERROR(AVERAGE(I4:I4),0) -> 0.51 | J47: =IFERROR(AVERAGE(J4:J4),0) -> 0.51 | K47: =IFERROR(AVERAGE(K4:K4),0) -> 0.53 | L47: =IFERROR(AVERAGE(L4:L4),0) -> 0.48 | ... AK47: =IFERROR(AVERAGE(AK4:AK4),0) -> 0.5 | AL47: =IFERROR(AVERAGE(D4:D4),0) -> 0.54
A48: Mathematics | E48: =IFERROR(AVERAGE(E5:E16),0) -> 0.31666667 | F48: =IFERROR(AVERAGE(F5:F16),0) -> 0.29166667 | G48: =IFERROR(AVERAGE(G5:G16),0) -> 0.31 | H48: =IFERROR(AVERAGE(H5:H16),0) -> 0.29666667 | I48: =IFERROR(AVERAGE(I5:I16),0) -> 0.30666667 | J48: =IFERROR(AVERAGE(J5:J16),0) -> 0.32 | K48: =IFERROR(AVERAGE(K5:K16),0) -> 0.3175 | L48: =IFERROR(AVERAGE(L5:L16),0) -> 0.28833333 | ... AK48: =IFERROR(AVERAGE(AK5:AK16),0) -> 0.31 | AL48: =IFERROR(AVERAGE(D5:D16),0) -> 0.36166667
A49: Science | E49: =IFERROR(AVERAGE(E17:E28),0) -> 0.37083333 | F49: =IFERROR(AVERAGE(F17:F28),0) -> 0.36916667 | G49: =IFERROR(AVERAGE(G17:G28),0) -> 0.36 | H49: =IFERROR(AVERAGE(H17:H28),0) -> 0.34666667 | I49: =IFERROR(AVERAGE(I17:I28),0) -> 0.36 | J49: =IFERROR(AVERAGE(J17:J28),0) -> 0.38 | K49: =IFERROR(AVERAGE(K17:K28),0) -> 0.37583333 | L49: =IFERROR(AVERAGE(L17:L28),0) -> 0.36083333 | ... AK49: =IFERROR(AVERAGE(AK17:AK28),0) -> 0.38 | AL49: =IFERROR(AVERAGE(D17:D28),0) -> 0.4
A50: Social Science | E50: =IFERROR(AVERAGE(E29:E43),0) -> 0.37066667 | F50: =IFERROR(AVERAGE(F29:F43),0) -> 0.38466667 | G50: =IFERROR(AVERAGE(G29:G43),0) -> 0.36133333 | H50: =IFERROR(AVERAGE(H29:H43),0) -> 0.34733333 | I50: =IFERROR(AVERAGE(I29:I43),0) -> 0.378 | J50: =IFERROR(AVERAGE(J29:J43),0) -> 0.37533333 | K50: =IFERROR(AVERAGE(K29:K43),0) -> 0.40466667 | L50: =IFERROR(AVERAGE(L29:L43),0) -> 0.368 | ... AK50: =IFERROR(AVERAGE(AK29:AK43),0) -> 0.384 | AL50: =IFERROR(AVERAGE(D29:D43),0) -> 0.40266667
A51: OVERALL MIDDLE STAGE (GRADE 9) AVERAGE | E51: =IFERROR(AVERAGE(E47:E50),0) -> 0.38454167 | F51: =IFERROR(AVERAGE(F47:F50),0) -> 0.386375 | G51: =IFERROR(AVERAGE(G47:G50),0) -> 0.37783333 | H51: =IFERROR(AVERAGE(H47:H50),0) -> 0.35766667 | I51: =IFERROR(AVERAGE(I47:I50),0) -> 0.38866667 | J51: =IFERROR(AVERAGE(J47:J50),0) -> 0.39633333 | K51: =IFERROR(AVERAGE(K47:K50),0) -> 0.407 | L51: =IFERROR(AVERAGE(L47:L50),0) -> 0.37429167 | ... AL51: =IFERROR(AVERAGE(AL47:AL50),0) -> 0.42608333

Sheet PARAKH_Subject_Performance
A1: Gujarat - PARAKH Average Performance by Subject (all Grades), All 33 Districts
A2: Auto-computed: average mastery (%) per Grade-Subject, linked live from the 3 stage-wise sheets. No manual entry needed here.
A3: District | B3: Grade 3 - Language | C3: Grade 3 - Mathematics | D3: Grade 6 - Language | E3: Grade 6 - Mathematics | F3: Grade 6 - TWAU | G3: Grade 9 - Language | H3: Grade 9 - Mathematics | I3: Grade 9 - Science | J3: Grade 9 - Social Science
A4: =Districts_Setup!$B$4 -> Ahmedabad | B4: =IFERROR(AVERAGE(PARAKH_Foundational_G3!E4:E6),0) -> 0.59 | C4: =IFERROR(AVERAGE(PARAKH_Foundational_G3!E7:E18),0) -> 0.53 | D4: =IFERROR(AVERAGE(PARAKH_Preparatory_G6!E4:E5),0) -> 0.515 | E4: =IFERROR(AVERAGE(PARAKH_Preparatory_G6!E6:E15),0) -> 0.388 | F4: =IFERROR(AVERAGE(PARAKH_Preparatory_G6!E16:E26),0) -> 0.45545455 | G4: =IFERROR(AVERAGE(PARAKH_Middle_G9!E4:E4),0) -> 0.48 | H4: =IFERROR(AVERAGE(PARAKH_Middle_G9!E5:E16),0) -> 0.31666667 | I4: =IFERROR(AVERAGE(PARAKH_Middle_G9!E17:E28),0) -> 0.37083333 | J4: =IFERROR(AVERAGE(PARAKH_Middle_G9!E29:E43),0) -> 0.37066667
A5: =Districts_Setup!$B$5 -> Amreli | B5: =IFERROR(AVERAGE(PARAKH_Foundational_G3!F4:F6),0) -> 0.54666667 | C5: =IFERROR(AVERAGE(PARAKH_Foundational_G3!F7:F18),0) -> 0.4875 | D5: =IFERROR(AVERAGE(PARAKH_Preparatory_G6!F4:F5),0) -> 0.48 | E5: =IFERROR(AVERAGE(PARAKH_Preparatory_G6!F6:F15),0) -> 0.332 | F5: =IFERROR(AVERAGE(PARAKH_Preparatory_G6!F16:F26),0) -> 0.40727273 | G5: =IFERROR(AVERAGE(PARAKH_Middle_G9!F4:F4),0) -> 0.5 | H5: =IFERROR(AVERAGE(PARAKH_Middle_G9!F5:F16),0) -> 0.29166667 | I5: =IFERROR(AVERAGE(PARAKH_Middle_G9!F17:F28),0) -> 0.36916667 | J5: =IFERROR(AVERAGE(PARAKH_Middle_G9!F29:F43),0) -> 0.38466667
A6: =Districts_Setup!$B$6 -> Anand | B6: =IFERROR(AVERAGE(PARAKH_Foundational_G3!G4:G6),0) -> 0.57333333 | C6: =IFERROR(AVERAGE(PARAKH_Foundational_G3!G7:G18),0) -> 0.49833333 | D6: =IFERROR(AVERAGE(PARAKH_Preparatory_G6!G4:G5),0) -> 0.535 | E6: =IFERROR(AVERAGE(PARAKH_Preparatory_G6!G6:G15),0) -> 0.395 | F6: =IFERROR(AVERAGE(PARAKH_Preparatory_G6!G16:G26),0) -> 0.45818182 | G6: =IFERROR(AVERAGE(PARAKH_Middle_G9!G4:G4),0) -> 0.48 | H6: =IFERROR(AVERAGE(PARAKH_Middle_G9!G5:G16),0) -> 0.31 | I6: =IFERROR(AVERAGE(PARAKH_Middle_G9!G17:G28),0) -> 0.36 | J6: =IFERROR(AVERAGE(PARAKH_Middle_G9!G29:G43),0) -> 0.36133333
A7: =Districts_Setup!$B$7 -> Aravalli | B7: =IFERROR(AVERAGE(PARAKH_Foundational_G3!H4:H6),0) -> 0.51 | C7: =IFERROR(AVERAGE(PARAKH_Foundational_G3!H7:H18),0) -> 0.46583333 | D7: =IFERROR(AVERAGE(PARAKH_Preparatory_G6!H4:H5),0) -> 0.49 | E7: =IFERROR(AVERAGE(PARAKH_Preparatory_G6!H6:H15),0) -> 0.362 | F7: =IFERROR(AVERAGE(PARAKH_Preparatory_G6!H16:H26),0) -> 0.42454545 | G7: =IFERROR(AVERAGE(PARAKH_Middle_G9!H4:H4),0) -> 0.44 | H7: =IFERROR(AVERAGE(PARAKH_Middle_G9!H5:H16),0) -> 0.29666667 | I7: =IFERROR(AVERAGE(PARAKH_Middle_G9!H17:H28),0) -> 0.34666667 | J7: =IFERROR(AVERAGE(PARAKH_Middle_G9!H29:H43),0) -> 0.34733333
A8: =Districts_Setup!$B$8 -> Banaskantha | B8: =IFERROR(AVERAGE(PARAKH_Foundational_G3!I4:I6),0) -> 0.53666667 | C8: =IFERROR(AVERAGE(PARAKH_Foundational_G3!I7:I18),0) -> 0.48083333 | D8: =IFERROR(AVERAGE(PARAKH_Preparatory_G6!I4:I5),0) -> 0.525 | E8: =IFERROR(AVERAGE(PARAKH_Preparatory_G6!I6:I15),0) -> 0.383 | F8: =IFERROR(AVERAGE(PARAKH_Preparatory_G6!I16:I26),0) -> 0.45454545 | G8: =IFERROR(AVERAGE(PARAKH_Middle_G9!I4:I4),0) -> 0.51 | H8: =IFERROR(AVERAGE(PARAKH_Middle_G9!I5:I16),0) -> 0.30666667 | I8: =IFERROR(AVERAGE(PARAKH_Middle_G9!I17:I28),0) -> 0.36 | J8: =IFERROR(AVERAGE(PARAKH_Middle_G9!I29:I43),0) -> 0.378
A9: =Districts_Setup!$B$9 -> Bharuch | B9: =IFERROR(AVERAGE(PARAKH_Foundational_G3!J4:J6),0) -> 0.57666667 | C9: =IFERROR(AVERAGE(PARAKH_Foundational_G3!J7:J18),0) -> 0.51416667 | D9: =IFERROR(AVERAGE(PARAKH_Preparatory_G6!J4:J5),0) -> 0.455 | E9: =IFERROR(AVERAGE(PARAKH_Preparatory_G6!J6:J15),0) -> 0.348 | F9: =IFERROR(AVERAGE(PARAKH_Preparatory_G6!J16:J26),0) -> 0.41636364 | G9: =IFERROR(AVERAGE(PARAKH_Middle_G9!J4:J4),0) -> 0.51 | H9: =IFERROR(AVERAGE(PARAKH_Middle_G9!J5:J16),0) -> 0.32 | I9: =IFERROR(AVERAGE(PARAKH_Middle_G9!J17:J28),0) -> 0.38 | J9: =IFERROR(AVERAGE(PARAKH_Middle_G9!J29:J43),0) -> 0.37533333
A10: =Districts_Setup!$B$10 -> Bhavnagar | B10: =IFERROR(AVERAGE(PARAKH_Foundational_G3!K4:K6),0) -> 0.62333333 | C10: =IFERROR(AVERAGE(PARAKH_Foundational_G3!K7:K18),0) -> 0.55416667 | D10: =IFERROR(AVERAGE(PARAKH_Preparatory_G6!K4:K5),0) -> 0.525 | E10: =IFERROR(AVERAGE(PARAKH_Preparatory_G6!K6:K15),0) -> 0.376 | F10: =IFERROR(AVERAGE(PARAKH_Preparatory_G6!K16:K26),0) -> 0.45454545 | G10: =IFERROR(AVERAGE(PARAKH_Middle_G9!K4:K4),0) -> 0.53 | H10: =IFERROR(AVERAGE(PARAKH_Middle_G9!K5:K16),0) -> 0.3175 | I10: =IFERROR(AVERAGE(PARAKH_Middle_G9!K17:K28),0) -> 0.37583333 | J10: =IFERROR(AVERAGE(PARAKH_Middle_G9!K29:K43),0) -> 0.40466667
A11: =Districts_Setup!$B$11 -> Botad | B11: =IFERROR(AVERAGE(PARAKH_Foundational_G3!L4:L6),0) -> 0.57666667 | C11: =IFERROR(AVERAGE(PARAKH_Foundational_G3!L7:L18),0) -> 0.50583333 | D11: =IFERROR(AVERAGE(PARAKH_Preparatory_G6!L4:L5),0) -> 0.505 | E11: =IFERROR(AVERAGE(PARAKH_Preparatory_G6!L6:L15),0) -> 0.366 | F11: =IFERROR(AVERAGE(PARAKH_Preparatory_G6!L16:L26),0) -> 0.42636364 | G11: =IFERROR(AVERAGE(PARAKH_Middle_G9!L4:L4),0) -> 0.48 | H11: =IFERROR(AVERAGE(PARAKH_Middle_G9!L5:L16),0) -> 0.28833333 | I11: =IFERROR(AVERAGE(PARAKH_Middle_G9!L17:L28),0) -> 0.36083333 | J11: =IFERROR(AVERAGE(PARAKH_Middle_G9!L29:L43),0) -> 0.368
A12: =Districts_Setup!$B$12 -> Chhota Udepur | B12: =IFERROR(AVERAGE(PARAKH_Foundational_G3!M4:M6),0) -> 0.50333333 | C12: =IFERROR(AVERAGE(PARAKH_Foundational_G3!M7:M18),0) -> 0.4525 | D12: =IFERROR(AVERAGE(PARAKH_Preparatory_G6!M4:M5),0) -> 0.45 | E12: =IFERROR(AVERAGE(PARAKH_Preparatory_G6!M6:M15),0) -> 0.325 | F12: =IFERROR(AVERAGE(PARAKH_Preparatory_G6!M16:M26),0) -> 0.40636364 | G12: =IFERROR(AVERAGE(PARAKH_Middle_G9!M4:M4),0) -> 0.43 | H12: =IFERROR(AVERAGE(PARAKH_Middle_G9!M5:M16),0) -> 0.28916667 | I12: =IFERROR(AVERAGE(PARAKH_Middle_G9!M17:M28),0) -> 0.33916667 | J12: =IFERROR(AVERAGE(PARAKH_Middle_G9!M29:M43),0) -> 0.34933333
A13: =Districts_Setup!$B$13 -> Dahod | B13: =IFERROR(AVERAGE(PARAKH_Foundational_G3!N4:N6),0) -> 0.59333333 | C13: =IFERROR(AVERAGE(PARAKH_Foundational_G3!N7:N18),0) -> 0.53166667 | D13: =IFERROR(AVERAGE(PARAKH_Preparatory_G6!N4:N5),0) -> 0.49 | E13: =IFERROR(AVERAGE(PARAKH_Preparatory_G6!N6:N15),0) -> 0.398 | F13: =IFERROR(AVERAGE(PARAKH_Preparatory_G6!N16:N26),0) -> 0.46545455 | G13: =IFERROR(AVERAGE(PARAKH_Middle_G9!N4:N4),0) -> 0.4 | H13: =IFERROR(AVERAGE(PARAKH_Middle_G9!N5:N16),0) -> 0.28166667 | I13: =IFERROR(AVERAGE(PARAKH_Middle_G9!N17:N28),0) -> 0.32666667 | J13: =IFERROR(AVERAGE(PARAKH_Middle_G9!N29:N43),0) -> 0.35666667
A14: =Districts_Setup!$B$14 -> Dang | B14: =IFERROR(AVERAGE(PARAKH_Foundational_G3!O4:O6),0) -> 0.59 | C14: =IFERROR(AVERAGE(PARAKH_Foundational_G3!O7:O18),0) -> 0.54583333 | D14: =IFERROR(AVERAGE(PARAKH_Preparatory_G6!O4:O5),0) -> 0.54 | E14: =IFERROR(AVERAGE(PARAKH_Preparatory_G6!O6:O15),0) -> 0.357 | F14: =IFERROR(AVERAGE(PARAKH_Preparatory_G6!O16:O26),0) -> 0.47454545 | G14: =IFERROR(AVERAGE(PARAKH_Middle_G9!O4:O4),0) -> 0.44 | H14: =IFERROR(AVERAGE(PARAKH_Middle_G9!O5:O16),0) -> 0.26166667 | I14: =IFERROR(AVERAGE(PARAKH_Middle_G9!O17:O28),0) -> 0.38 | J14: =IFERROR(AVERAGE(PARAKH_Middle_G9!O29:O43),0) -> 0.40533333
A15: =Districts_Setup!$B$15 -> Devbhoomi Dwarka | B15: =IFERROR(AVERAGE(PARAKH_Foundational_G3!P4:P6),0) -> 0.56666667 | C15: =IFERROR(AVERAGE(PARAKH_Foundational_G3!P7:P18),0) -> 0.50583333 | D15: =IFERROR(AVERAGE(PARAKH_Preparatory_G6!P4:P5),0) -> 0.56 | E15: =IFERROR(AVERAGE(PARAKH_Preparatory_G6!P6:P15),0) -> 0.412 | F15: =IFERROR(AVERAGE(PARAKH_Preparatory_G6!P16:P26),0) -> 0.44636364 | G15: =IFERROR(AVERAGE(PARAKH_Middle_G9!P4:P4),0) -> 0.54 | H15: =IFERROR(AVERAGE(PARAKH_Middle_G9!P5:P16),0) -> 0.32166667 | I15: =IFERROR(AVERAGE(PARAKH_Middle_G9!P17:P28),0) -> 0.29916667 | J15: =IFERROR(AVERAGE(PARAKH_Middle_G9!P29:P43),0) -> 0.32066667
A16: =Districts_Setup!$B$16 -> Gandhinagar | B16: =IFERROR(AVERAGE(PARAKH_Foundational_G3!Q4:Q6),0) -> 0.62666667 | C16: =IFERROR(AVERAGE(PARAKH_Foundational_G3!Q7:Q18),0) -> 0.575 | D16: =IFERROR(AVERAGE(PARAKH_Preparatory_G6!Q4:Q5),0) -> 0.545 | E16: =IFERROR(AVERAGE(PARAKH_Preparatory_G6!Q6:Q15),0) -> 0.41 | F16: =IFERROR(AVERAGE(PARAKH_Preparatory_G6!Q16:Q26),0) -> 0.47818182 | G16: =IFERROR(AVERAGE(PARAKH_Middle_G9!Q4:Q4),0) -> 0.59 | H16: =IFERROR(AVERAGE(PARAKH_Middle_G9!Q5:Q16),0) -> 0.35333333 | I16: =IFERROR(AVERAGE(PARAKH_Middle_G9!Q17:Q28),0) -> 0.42333333 | J16: =IFERROR(AVERAGE(PARAKH_Middle_G9!Q29:Q43),0) -> 0.43
A17: =Districts_Setup!$B$17 -> Gir Somnath | B17: =IFERROR(AVERAGE(PARAKH_Foundational_G3!R4:R6),0) -> 0.49333333 | C17: =IFERROR(AVERAGE(PARAKH_Foundational_G3!R7:R18),0) -> 0.435 | D17: =IFERROR(AVERAGE(PARAKH_Preparatory_G6!R4:R5),0) -> 0.455 | E17: =IFERROR(AVERAGE(PARAKH_Preparatory_G6!R6:R15),0) -> 0.369 | F17: =IFERROR(AVERAGE(PARAKH_Preparatory_G6!R16:R26),0) -> 0.40818182 | G17: =IFERROR(AVERAGE(PARAKH_Middle_G9!R4:R4),0) -> 0.45 | H17: =IFERROR(AVERAGE(PARAKH_Middle_G9!R5:R16),0) -> 0.29833333 | I17: =IFERROR(AVERAGE(PARAKH_Middle_G9!R17:R28),0) -> 0.35 | J17: =IFERROR(AVERAGE(PARAKH_Middle_G9!R29:R43),0) -> 0.36066667
A18: =Districts_Setup!$B$18 -> Jamnagar | B18: =IFERROR(AVERAGE(PARAKH_Foundational_G3!S4:S6),0) -> 0.47666667 | C18: =IFERROR(AVERAGE(PARAKH_Foundational_G3!S7:S18),0) -> 0.43083333 | D18: =IFERROR(AVERAGE(PARAKH_Preparatory_G6!S4:S5),0) -> 0.51 | E18: =IFERROR(AVERAGE(PARAKH_Preparatory_G6!S6:S15),0) -> 0.376 | F18: =IFERROR(AVERAGE(PARAKH_Preparatory_G6!S16:S26),0) -> 0.44272727 | G18: =IFERROR(AVERAGE(PARAKH_Middle_G9!S4:S4),0) -> 0.53 | H18: =IFERROR(AVERAGE(PARAKH_Middle_G9!S5:S16),0) -> 0.3275 | I18: =IFERROR(AVERAGE(PARAKH_Middle_G9!S17:S28),0) -> 0.38833333 | J18: =IFERROR(AVERAGE(PARAKH_Middle_G9!S29:S43),0) -> 0.396
A19: =Districts_Setup!$B$19 -> Junagadh | B19: =IFERROR(AVERAGE(PARAKH_Foundational_G3!T4:T6),0) -> 0.56666667 | C19: =IFERROR(AVERAGE(PARAKH_Foundational_G3!T7:T18),0) -> 0.49 | D19: =IFERROR(AVERAGE(PARAKH_Preparatory_G6!T4:T5),0) -> 0.555 | E19: =IFERROR(AVERAGE(PARAKH_Preparatory_G6!T6:T15),0) -> 0.416 | F19: =IFERROR(AVERAGE(PARAKH_Preparatory_G6!T16:T26),0) -> 0.47090909 | G19: =IFERROR(AVERAGE(PARAKH_Middle_G9!T4:T4),0) -> 0.52 | H19: =IFERROR(AVERAGE(PARAKH_Middle_G9!T5:T16),0) -> 0.31583333 | I19: =IFERROR(AVERAGE(PARAKH_Middle_G9!T17:T28),0) -> 0.385 | J19: =IFERROR(AVERAGE(PARAKH_Middle_G9!T29:T43),0) -> 0.398
A20: =Districts_Setup!$B$20 -> Kutch | B20: =IFERROR(AVERAGE(PARAKH_Foundational_G3!U4:U6),0) -> 0.50333333 | C20: =IFERROR(AVERAGE(PARAKH_Foundational_G3!U7:U18),0) -> 0.46416667 | D20: =IFERROR(AVERAGE(PARAKH_Preparatory_G6!U4:U5),0) -> 0.515 | E20: =IFERROR(AVERAGE(PARAKH_Preparatory_G6!U6:U15),0) -> 0.379 | F20: =IFERROR(AVERAGE(PARAKH_Preparatory_G6!U16:U26),0) -> 0.43454545 | G20: =IFERROR(AVERAGE(PARAKH_Middle_G9!U4:U4),0) -> 0.53 | H20: =IFERROR(AVERAGE(PARAKH_Middle_G9!U5:U16),0) -> 0.32 | I20: =IFERROR(AVERAGE(PARAKH_Middle_G9!U17:U28),0) -> 0.37583333 | J20: =IFERROR(AVERAGE(PARAKH_Middle_G9!U29:U43),0) -> 0.38466667
A21: =Districts_Setup!$B$21 -> Kheda | B21: =IFERROR(AVERAGE(PARAKH_Foundational_G3!V4:V6),0) -> 0.50666667 | C21: =IFERROR(AVERAGE(PARAKH_Foundational_G3!V7:V18),0) -> 0.44666667 | D21: =IFERROR(AVERAGE(PARAKH_Preparatory_G6!V4:V5),0) -> 0.47 | E21: =IFERROR(AVERAGE(PARAKH_Preparatory_G6!V6:V15),0) -> 0.329 | F21: =IFERROR(AVERAGE(PARAKH_Preparatory_G6!V16:V26),0) -> 0.42181818 | G21: =IFERROR(AVERAGE(PARAKH_Middle_G9!V4:V4),0) -> 0.45 | H21: =IFERROR(AVERAGE(PARAKH_Middle_G9!V5:V16),0) -> 0.28333333 | I21: =IFERROR(AVERAGE(PARAKH_Middle_G9!V17:V28),0) -> 0.33916667 | J21: =IFERROR(AVERAGE(PARAKH_Middle_G9!V29:V43),0) -> 0.34333333
A22: =Districts_Setup!$B$22 -> Mahisagar | B22: =IFERROR(AVERAGE(PARAKH_Foundational_G3!W4:W6),0) -> 0.58 | C22: =IFERROR(AVERAGE(PARAKH_Foundational_G3!W7:W18),0) -> 0.49833333 | D22: =IFERROR(AVERAGE(PARAKH_Preparatory_G6!W4:W5),0) -> 0.495 | E22: =IFERROR(AVERAGE(PARAKH_Preparatory_G6!W6:W15),0) -> 0.389 | F22: =IFERROR(AVERAGE(PARAKH_Preparatory_G6!W16:W26),0) -> 0.46909091 | G22: =IFERROR(AVERAGE(PARAKH_Middle_G9!W4:W4),0) -> 0.44 | H22: =IFERROR(AVERAGE(PARAKH_Middle_G9!W5:W16),0) -> 0.29833333 | I22: =IFERROR(AVERAGE(PARAKH_Middle_G9!W17:W28),0) -> 0.36083333 | J22: =IFERROR(AVERAGE(PARAKH_Middle_G9!W29:W43),0) -> 0.378
A23: =Districts_Setup!$B$23 -> Mehsana | B23: =IFERROR(AVERAGE(PARAKH_Foundational_G3!X4:X6),0) -> 0.56666667 | C23: =IFERROR(AVERAGE(PARAKH_Foundational_G3!X7:X18),0) -> 0.5025 | D23: =IFERROR(AVERAGE(PARAKH_Preparatory_G6!X4:X5),0) -> 0.555 | E23: =IFERROR(AVERAGE(PARAKH_Preparatory_G6!X6:X15),0) -> 0.399 | F23: =IFERROR(AVERAGE(PARAKH_Preparatory_G6!X16:X26),0) -> 0.43363636 | G23: =IFERROR(AVERAGE(PARAKH_Middle_G9!X4:X4),0) -> 0.5 | H23: =IFERROR(AVERAGE(PARAKH_Middle_G9!X5:X16),0) -> 0.30833333 | I23: =IFERROR(AVERAGE(PARAKH_Middle_G9!X17:X28),0) -> 0.34833333 | J23: =IFERROR(AVERAGE(PARAKH_Middle_G9!X29:X43),0) -> 0.334
A24: =Districts_Setup!$B$24 -> Morbi | B24: =IFERROR(AVERAGE(PARAKH_Foundational_G3!Y4:Y6),0) -> 0.59 | C24: =IFERROR(AVERAGE(PARAKH_Foundational_G3!Y7:Y18),0) -> 0.51416667 | D24: =IFERROR(AVERAGE(PARAKH_Preparatory_G6!Y4:Y5),0) -> 0.505 | E24: =IFERROR(AVERAGE(PARAKH_Preparatory_G6!Y6:Y15),0) -> 0.388 | F24: =IFERROR(AVERAGE(PARAKH_Preparatory_G6!Y16:Y26),0) -> 0.43454545 | G24: =IFERROR(AVERAGE(PARAKH_Middle_G9!Y4:Y4),0) -> 0.49 | H24: =IFERROR(AVERAGE(PARAKH_Middle_G9!Y5:Y16),0) -> 0.29666667 | I24: =IFERROR(AVERAGE(PARAKH_Middle_G9!Y17:Y28),0) -> 0.36 | J24: =IFERROR(AVERAGE(PARAKH_Middle_G9!Y29:Y43),0) -> 0.372
A25: =Districts_Setup!$B$25 -> Narmada | B25: =IFERROR(AVERAGE(PARAKH_Foundational_G3!Z4:Z6),0) -> 0.57333333 | C25: =IFERROR(AVERAGE(PARAKH_Foundational_G3!Z7:Z18),0) -> 0.505 | D25: =IFERROR(AVERAGE(PARAKH_Preparatory_G6!Z4:Z5),0) -> 0.48 | E25: =IFERROR(AVERAGE(PARAKH_Preparatory_G6!Z6:Z15),0) -> 0.364 | F25: =IFERROR(AVERAGE(PARAKH_Preparatory_G6!Z16:Z26),0) -> 0.41727273 | G25: =IFERROR(AVERAGE(PARAKH_Middle_G9!Z4:Z4),0) -> 0.5 | H25: =IFERROR(AVERAGE(PARAKH_Middle_G9!Z5:Z16),0) -> 0.28333333 | I25: =IFERROR(AVERAGE(PARAKH_Middle_G9!Z17:Z28),0) -> 0.35666667 | J25: =IFERROR(AVERAGE(PARAKH_Middle_G9!Z29:Z43),0) -> 0.364
A26: =Districts_Setup!$B$26 -> Navsari | B26: =IFERROR(AVERAGE(PARAKH_Foundational_G3!AA4:AA6),0) -> 0.54333333 | C26: =IFERROR(AVERAGE(PARAKH_Foundational_G3!AA7:AA18),0) -> 0.49 | D26: =IFERROR(AVERAGE(PARAKH_Preparatory_G6!AA4:AA5),0) -> 0.52 | E26: =IFERROR(AVERAGE(PARAKH_Preparatory_G6!AA6:AA15),0) -> 0.377 | F26: =IFERROR(AVERAGE(PARAKH_Preparatory_G6!AA16:AA26),0) -> 0.44636364 | G26: =IFERROR(AVERAGE(PARAKH_Middle_G9!AA4:AA4),0) -> 0.53 | H26: =IFERROR(AVERAGE(PARAKH_Middle_G9!AA5:AA16),0) -> 0.33083333 | I26: =IFERROR(AVERAGE(PARAKH_Middle_G9!AA17:AA28),0) -> 0.38666667 | J26: =IFERROR(AVERAGE(PARAKH_Middle_G9!AA29:AA43),0) -> 0.40133333
A27: =Districts_Setup!$B$27 -> Panchmahal | B27: =IFERROR(AVERAGE(PARAKH_Foundational_G3!AB4:AB6),0) -> 0.57666667 | C27: =IFERROR(AVERAGE(PARAKH_Foundational_G3!AB7:AB18),0) -> 0.52333333 | D27: =IFERROR(AVERAGE(PARAKH_Preparatory_G6!AB4:AB5),0) -> 0.52 | E27: =IFERROR(AVERAGE(PARAKH_Preparatory_G6!AB6:AB15),0) -> 0.407 | F27: =IFERROR(AVERAGE(PARAKH_Preparatory_G6!AB16:AB26),0) -> 0.45 | G27: =IFERROR(AVERAGE(PARAKH_Middle_G9!AB4:AB4),0) -> 0.44 | H27: =IFERROR(AVERAGE(PARAKH_Middle_G9!AB5:AB16),0) -> 0.28583333 | I27: =IFERROR(AVERAGE(PARAKH_Middle_G9!AB17:AB28),0) -> 0.34583333 | J27: =IFERROR(AVERAGE(PARAKH_Middle_G9!AB29:AB43),0) -> 0.348
A28: =Districts_Setup!$B$28 -> Patan | B28: =IFERROR(AVERAGE(PARAKH_Foundational_G3!AC4:AC6),0) -> 0.52666667 | C28: =IFERROR(AVERAGE(PARAKH_Foundational_G3!AC7:AC18),0) -> 0.46833333 | D28: =IFERROR(AVERAGE(PARAKH_Preparatory_G6!AC4:AC5),0) -> 0.52 | E28: =IFERROR(AVERAGE(PARAKH_Preparatory_G6!AC6:AC15),0) -> 0.389 | F28: =IFERROR(AVERAGE(PARAKH_Preparatory_G6!AC16:AC26),0) -> 0.45181818 | G28: =IFERROR(AVERAGE(PARAKH_Middle_G9!AC4:AC4),0) -> 0.48 | H28: =IFERROR(AVERAGE(PARAKH_Middle_G9!AC5:AC16),0) -> 0.3075 | I28: =IFERROR(AVERAGE(PARAKH_Middle_G9!AC17:AC28),0) -> 0.3675 | J28: =IFERROR(AVERAGE(PARAKH_Middle_G9!AC29:AC43),0) -> 0.37666667
A29: =Districts_Setup!$B$29 -> Porbandar | B29: =IFERROR(AVERAGE(PARAKH_Foundational_G3!AD4:AD6),0) -> 0.5 | C29: =IFERROR(AVERAGE(PARAKH_Foundational_G3!AD7:AD18),0) -> 0.45833333 | D29: =IFERROR(AVERAGE(PARAKH_Preparatory_G6!AD4:AD5),0) -> 0.515 | E29: =IFERROR(AVERAGE(PARAKH_Preparatory_G6!AD6:AD15),0) -> 0.369 | F29: =IFERROR(AVERAGE(PARAKH_Preparatory_G6!AD16:AD26),0) -> 0.43909091 | G29: =IFERROR(AVERAGE(PARAKH_Middle_G9!AD4:AD4),0) -> 0.49 | H29: =IFERROR(AVERAGE(PARAKH_Middle_G9!AD5:AD16),0) -> 0.3 | I29: =IFERROR(AVERAGE(PARAKH_Middle_G9!AD17:AD28),0) -> 0.3575 | J29: =IFERROR(AVERAGE(PARAKH_Middle_G9!AD29:AD43),0) -> 0.372
A30: =Districts_Setup!$B$30 -> Rajkot | B30: =IFERROR(AVERAGE(PARAKH_Foundational_G3!AE4:AE6),0) -> 0.56333333 | C30: =IFERROR(AVERAGE(PARAKH_Foundational_G3!AE7:AE18),0) -> 0.50083333 | D30: =IFERROR(AVERAGE(PARAKH_Preparatory_G6!AE4:AE5),0) -> 0.49 | E30: =IFERROR(AVERAGE(PARAKH_Preparatory_G6!AE6:AE15),0) -> 0.381 | F30: =IFERROR(AVERAGE(PARAKH_Preparatory_G6!AE16:AE26),0) -> 0.43545455 | G30: =IFERROR(AVERAGE(PARAKH_Middle_G9!AE4:AE4),0) -> 0.53 | H30: =IFERROR(AVERAGE(PARAKH_Middle_G9!AE5:AE16),0) -> 0.325 | I30: =IFERROR(AVERAGE(PARAKH_Middle_G9!AE17:AE28),0) -> 0.385 | J30: =IFERROR(AVERAGE(PARAKH_Middle_G9!AE29:AE43),0) -> 0.40133333
A31: =Districts_Setup!$B$31 -> Sabarkantha | B31: =IFERROR(AVERAGE(PARAKH_Foundational_G3!AF4:AF6),0) -> 0.61333333 | C31: =IFERROR(AVERAGE(PARAKH_Foundational_G3!AF7:AF18),0) -> 0.5625 | D31: =IFERROR(AVERAGE(PARAKH_Preparatory_G6!AF4:AF5),0) -> 0.49 | E31: =IFERROR(AVERAGE(PARAKH_Preparatory_G6!AF6:AF15),0) -> 0.374 | F31: =IFERROR(AVERAGE(PARAKH_Preparatory_G6!AF16:AF26),0) -> 0.42818182 | G31: =IFERROR(AVERAGE(PARAKH_Middle_G9!AF4:AF4),0) -> 0.48 | H31: =IFERROR(AVERAGE(PARAKH_Middle_G9!AF5:AF16),0) -> 0.31166667 | I31: =IFERROR(AVERAGE(PARAKH_Middle_G9!AF17:AF28),0) -> 0.35333333 | J31: =IFERROR(AVERAGE(PARAKH_Middle_G9!AF29:AF43),0) -> 0.37266667
A32: =Districts_Setup!$B$32 -> Surat | B32: =IFERROR(AVERAGE(PARAKH_Foundational_G3!AG4:AG6),0) -> 0.54666667 | C32: =IFERROR(AVERAGE(PARAKH_Foundational_G3!AG7:AG18),0) -> 0.48 | D32: =IFERROR(AVERAGE(PARAKH_Preparatory_G6!AG4:AG5),0) -> 0.545 | E32: =IFERROR(AVERAGE(PARAKH_Preparatory_G6!AG6:AG15),0) -> 0.406 | F32: =IFERROR(AVERAGE(PARAKH_Preparatory_G6!AG16:AG26),0) -> 0.45545455 | G32: =IFERROR(AVERAGE(PARAKH_Middle_G9!AG4:AG4),0) -> 0.56 | H32: =IFERROR(AVERAGE(PARAKH_Middle_G9!AG5:AG16),0) -> 0.34083333 | I32: =IFERROR(AVERAGE(PARAKH_Middle_G9!AG17:AG28),0) -> 0.4 | J32: =IFERROR(AVERAGE(PARAKH_Middle_G9!AG29:AG43),0) -> 0.41733333
A33: =Districts_Setup!$B$33 -> Surendranagar | B33: =IFERROR(AVERAGE(PARAKH_Foundational_G3!AH4:AH6),0) -> 0.61 | C33: =IFERROR(AVERAGE(PARAKH_Foundational_G3!AH7:AH18),0) -> 0.53166667 | D33: =IFERROR(AVERAGE(PARAKH_Preparatory_G6!AH4:AH5),0) -> 0.565 | E33: =IFERROR(AVERAGE(PARAKH_Preparatory_G6!AH6:AH15),0) -> 0.424 | F33: =IFERROR(AVERAGE(PARAKH_Preparatory_G6!AH16:AH26),0) -> 0.48636364 | G33: =IFERROR(AVERAGE(PARAKH_Middle_G9!AH4:AH4),0) -> 0.46 | H33: =IFERROR(AVERAGE(PARAKH_Middle_G9!AH5:AH16),0) -> 0.3025 | I33: =IFERROR(AVERAGE(PARAKH_Middle_G9!AH17:AH28),0) -> 0.345 | J33: =IFERROR(AVERAGE(PARAKH_Middle_G9!AH29:AH43),0) -> 0.356
A34: =Districts_Setup!$B$34 -> Tapi | B34: =IFERROR(AVERAGE(PARAKH_Foundational_G3!AI4:AI6),0) -> 0.61333333 | C34: =IFERROR(AVERAGE(PARAKH_Foundational_G3!AI7:AI18),0) -> 0.55583333 | D34: =IFERROR(AVERAGE(PARAKH_Preparatory_G6!AI4:AI5),0) -> 0.54 | E34: =IFERROR(AVERAGE(PARAKH_Preparatory_G6!AI6:AI15),0) -> 0.405 | F34: =IFERROR(AVERAGE(PARAKH_Preparatory_G6!AI16:AI26),0) -> 0.48636364 | G34: =IFERROR(AVERAGE(PARAKH_Middle_G9!AI4:AI4),0) -> 0.53 | H34: =IFERROR(AVERAGE(PARAKH_Middle_G9!AI5:AI16),0) -> 0.30416667 | I34: =IFERROR(AVERAGE(PARAKH_Middle_G9!AI17:AI28),0) -> 0.37833333 | J34: =IFERROR(AVERAGE(PARAKH_Middle_G9!AI29:AI43),0) -> 0.39066667
A35: =Districts_Setup!$B$35 -> Vadodara | B35: =IFERROR(AVERAGE(PARAKH_Foundational_G3!AJ4:AJ6),0) -> 0.51333333 | C35: =IFERROR(AVERAGE(PARAKH_Foundational_G3!AJ7:AJ18),0) -> 0.46166667 | D35: =IFERROR(AVERAGE(PARAKH_Preparatory_G6!AJ4:AJ5),0) -> 0.535 | E35: =IFERROR(AVERAGE(PARAKH_Preparatory_G6!AJ6:AJ15),0) -> 0.403 | F35: =IFERROR(AVERAGE(PARAKH_Preparatory_G6!AJ16:AJ26),0) -> 0.45636364 | G35: =IFERROR(AVERAGE(PARAKH_Middle_G9!AJ4:AJ4),0) -> 0.55 | H35: =IFERROR(AVERAGE(PARAKH_Middle_G9!AJ5:AJ16),0) -> 0.34166667 | I35: =IFERROR(AVERAGE(PARAKH_Middle_G9!AJ17:AJ28),0) -> 0.40833333 | J35: =IFERROR(AVERAGE(PARAKH_Middle_G9!AJ29:AJ43),0) -> 0.41466667
A36: =Districts_Setup!$B$36 -> Valsad | B36: =IFERROR(AVERAGE(PARAKH_Foundational_G3!AK4:AK6),0) -> 0.58 | C36: =IFERROR(AVERAGE(PARAKH_Foundational_G3!AK7:AK18),0) -> 0.51333333 | D36: =IFERROR(AVERAGE(PARAKH_Preparatory_G6!AK4:AK5),0) -> 0.515 | E36: =IFERROR(AVERAGE(PARAKH_Preparatory_G6!AK6:AK15),0) -> 0.378 | F36: =IFERROR(AVERAGE(PARAKH_Preparatory_G6!AK16:AK26),0) -> 0.44454545 | G36: =IFERROR(AVERAGE(PARAKH_Middle_G9!AK4:AK4),0) -> 0.5 | H36: =IFERROR(AVERAGE(PARAKH_Middle_G9!AK5:AK16),0) -> 0.31 | I36: =IFERROR(AVERAGE(PARAKH_Middle_G9!AK17:AK28),0) -> 0.38 | J36: =IFERROR(AVERAGE(PARAKH_Middle_G9!AK29:AK43),0) -> 0.384

Sheet PARAKH_By_Gender
A1: Gujarat - PARAKH Average Performance by Gender, All 33 Districts
A2: Enter the average % score for Boys and Girls separately, for each Grade-Subject, per district (decimal 0-1, e.g. 0.62 for 62%). Source: PARAKH RS dashboard, Gender filter.
A3: District | B3: Grade 3 - Language | D3: Grade 3 - Mathematics | F3: Grade 6 - Language | H3: Grade 6 - Mathematics | J3: Grade 6 - TWAU | L3: Grade 9 - Language | N3: Grade 9 - Mathematics | P3: Grade 9 - Science | R3: Grade 9 - Social Science
B4: Boys (%) | C4: Girls (%) | D4: Boys (%) | E4: Girls (%) | F4: Boys (%) | G4: Girls (%) | H4: Boys (%) | I4: Girls (%) | J4: Boys (%) | K4: Girls (%) | L4: Boys (%) | M4: Girls (%) | N4: Boys (%) | O4: Girls (%) | P4: Boys (%) | Q4: Girls (%) | R4: Boys (%) | S4: Girls (%)
A5: =Districts_Setup!$B$4 -> Ahmedabad | B5: 0.59 | C5: 0.6 | D5: 0.55 | E5: 0.54 | F5: 0.49 | G5: 0.54 | H5: 0.41 | I5: 0.4 | J5: 0.45 | K5: 0.47 | L5: 0.44 | M5: 0.53 | N5: 0.32 | O5: 0.32 | P5: 0.38 | Q5: 0.39 | R5: 0.35 | S5: 0.39
A6: =Districts_Setup!$B$5 -> Amreli | B6: 0.54 | C6: 0.56 | D6: 0.49 | E6: 0.51 | F6: 0.45 | G6: 0.51 | H6: 0.33 | I6: 0.37 | J6: 0.39 | K6: 0.44 | L6: 0.47 | M6: 0.52 | N6: 0.29 | O6: 0.3 | P6: 0.36 | Q6: 0.39 | R6: 0.37 | S6: 0.39
A7: =Districts_Setup!$B$6 -> Anand | B7: 0.56 | C7: 0.62 | D7: 0.5 | E7: 0.54 | F7: 0.51 | G7: 0.56 | H7: 0.43 | I7: 0.39 | J7: 0.46 | K7: 0.46 | L7: 0.45 | M7: 0.52 | N7: 0.32 | O7: 0.31 | P7: 0.36 | Q7: 0.39 | R7: 0.34 | S7: 0.38
A8: =Districts_Setup!$B$7 -> Aravalli | B8: 0.52 | C8: 0.54 | D8: 0.49 | E8: 0.5 | F8: 0.46 | G8: 0.53 | H8: 0.37 | I8: 0.38 | J8: 0.42 | K8: 0.44 | L8: 0.42 | M8: 0.48 | N8: 0.3 | O8: 0.29 | P8: 0.36 | Q8: 0.35 | R8: 0.33 | S8: 0.35
A9: =Districts_Setup!$B$8 -> Banaskantha | B9: 0.55 | C9: 0.54 | D9: 0.51 | E9: 0.48 | F9: 0.5 | G9: 0.56 | H9: 0.41 | I9: 0.41 | J9: 0.46 | K9: 0.47 | L9: 0.48 | M9: 0.54 | N9: 0.32 | O9: 0.31 | P9: 0.37 | Q9: 0.38 | R9: 0.37 | S9: 0.38
A10: =Districts_Setup!$B$9 -> Bharuch | B10: 0.57 | C10: 0.6 | D10: 0.51 | E10: 0.55 | F10: 0.42 | G10: 0.49 | H10: 0.37 | I10: 0.36 | J10: 0.41 | K10: 0.44 | L10: 0.47 | M10: 0.56 | N10: 0.32 | O10: 0.33 | P10: 0.37 | Q10: 0.4 | R10: 0.35 | S10: 0.4
A11: =Districts_Setup!$B$10 -> Bhavnagar | B11: 0.64 | C11: 0.64 | D11: 0.57 | E11: 0.58 | F11: 0.5 | G11: 0.56 | H11: 0.4 | I11: 0.4 | J11: 0.45 | K11: 0.48 | L11: 0.5 | M11: 0.56 | N11: 0.34 | O11: 0.3 | P11: 0.39 | Q11: 0.39 | R11: 0.39 | S11: 0.41
A12: =Districts_Setup!$B$11 -> Botad | B12: 0.58 | C12: 0.59 | D12: 0.52 | E12: 0.53 | F12: 0.46 | G12: 0.58 | H12: 0.38 | I12: 0.4 | J12: 0.42 | K12: 0.47 | L12: 0.43 | M12: 0.54 | N12: 0.29 | O12: 0.31 | P12: 0.35 | Q12: 0.39 | R12: 0.34 | S12: 0.39
A13: =Districts_Setup!$B$12 -> Chhota Udepur | B13: 0.53 | C13: 0.53 | D13: 0.48 | E13: 0.48 | F13: 0.44 | G13: 0.47 | H13: 0.35 | I13: 0.33 | J13: 0.42 | K13: 0.4 | L13: 0.41 | M13: 0.45 | N13: 0.3 | O13: 0.28 | P13: 0.34 | Q13: 0.35 | R13: 0.34 | S13: 0.35
A14: =Districts_Setup!$B$13 -> Dahod | B14: 0.59 | C14: 0.62 | D14: 0.54 | E14: 0.55 | F14: 0.48 | G14: 0.5 | H14: 0.41 | I14: 0.42 | J14: 0.44 | K14: 0.47 | L14: 0.38 | M14: 0.41 | N14: 0.29 | O14: 0.28 | P14: 0.31 | Q14: 0.32 | R14: 0.31 | S14: 0.31
A15: =Districts_Setup!$B$14 -> Dang | B15: 0.6 | C15: 0.61 | D15: 0.55 | E15: 0.55 | F15: 0.49 | G15: 0.6 | H15: 0.36 | I15: 0.39 | J15: 0.45 | K15: 0.51 | L15: 0.42 | M15: 0.46 | N15: 0.28 | O15: 0.25 | P15: 0.33 | Q15: 0.34 | R15: 0.35 | S15: 0.35
A16: =Districts_Setup!$B$15 -> Devbhoomi Dwarka | B16: 0.54 | C16: 0.62 | D16: 0.5 | E16: 0.55 | F16: 0.54 | G16: 0.58 | H16: 0.43 | I16: 0.44 | J16: 0.48 | K16: 0.48 | L16: 0.51 | M16: 0.57 | N16: 0.33 | O16: 0.32 | P16: 0.38 | Q16: 0.42 | R16: 0.38 | S16: 0.42
A17: =Districts_Setup!$B$16 -> Gandhinagar | B17: 0.61 | C17: 0.66 | D17: 0.58 | E17: 0.62 | F17: 0.51 | G17: 0.59 | H17: 0.43 | I17: 0.43 | J17: 0.48 | K17: 0.5 | L17: 0.58 | M17: 0.61 | N17: 0.37 | O17: 0.36 | P17: 0.43 | Q17: 0.45 | R17: 0.41 | S17: 0.45
A18: =Districts_Setup!$B$17 -> Gir Somnath | B18: 0.48 | C18: 0.52 | D18: 0.45 | E18: 0.46 | F18: 0.46 | G18: 0.45 | H18: 0.42 | I18: 0.36 | J18: 0.41 | K18: 0.41 | L18: 0.43 | M18: 0.48 | N18: 0.3 | O18: 0.3 | P18: 0.35 | Q18: 0.37 | R18: 0.34 | S18: 0.38
A19: =Districts_Setup!$B$18 -> Jamnagar | B19: 0.49 | C19: 0.49 | D19: 0.45 | E19: 0.45 | F19: 0.46 | G19: 0.58 | H19: 0.39 | I19: 0.41 | J19: 0.43 | K19: 0.49 | L19: 0.47 | M19: 0.6 | N19: 0.34 | O19: 0.32 | P19: 0.39 | Q19: 0.4 | R19: 0.36 | S19: 0.42
A20: =Districts_Setup!$B$19 -> Junagadh | B20: 0.56 | C20: 0.59 | D20: 0.49 | E20: 0.52 | F20: 0.56 | G20: 0.55 | H20: 0.47 | I20: 0.4 | J20: 0.51 | K20: 0.44 | L20: 0.48 | M20: 0.56 | N20: 0.33 | O20: 0.31 | P20: 0.39 | Q20: 0.41 | R20: 0.38 | S20: 0.41
A21: =Districts_Setup!$B$20 -> Kutch | B21: 0.51 | C21: 0.55 | D21: 0.48 | E21: 0.5 | F21: 0.5 | G21: 0.53 | H21: 0.4 | I21: 0.4 | J21: 0.44 | K21: 0.46 | L21: 0.48 | M21: 0.6 | N21: 0.32 | O21: 0.34 | P21: 0.39 | Q21: 0.41 | R21: 0.36 | S21: 0.42
A22: =Districts_Setup!$B$21 -> Kheda | B22: 0.49 | C22: 0.55 | D22: 0.44 | E22: 0.48 | F22: 0.42 | G22: 0.51 | H22: 0.33 | I22: 0.37 | J22: 0.4 | K22: 0.46 | L22: 0.42 | M22: 0.49 | N22: 0.29 | O22: 0.29 | P22: 0.35 | Q22: 0.37 | R22: 0.33 | S22: 0.35
A23: =Districts_Setup!$B$22 -> Mahisagar | B23: 0.56 | C23: 0.62 | D23: 0.5 | E23: 0.54 | F23: 0.49 | G23: 0.5 | H23: 0.4 | I23: 0.4 | J23: 0.45 | K23: 0.43 | L23: 0.43 | M23: 0.46 | N23: 0.31 | O23: 0.3 | P23: 0.36 | Q23: 0.36 | R23: 0.32 | S23: 0.34
A24: =Districts_Setup!$B$23 -> Mehsana | B24: 0.56 | C24: 0.59 | D24: 0.51 | E24: 0.54 | F24: 0.53 | G24: 0.59 | H24: 0.42 | I24: 0.43 | J24: 0.46 | K24: 0.48 | L24: 0.45 | M24: 0.56 | N24: 0.31 | O24: 0.31 | P24: 0.36 | Q24: 0.39 | R24: 0.34 | S24: 0.41
A25: =Districts_Setup!$B$24 -> Morbi | B25: 0.59 | C25: 0.6 | D25: 0.53 | E25: 0.53 | F25: 0.5 | G25: 0.51 | H25: 0.42 | I25: 0.4 | J25: 0.45 | K25: 0.45 | L25: 0.45 | M25: 0.56 | N25: 0.3 | O25: 0.31 | P25: 0.37 | Q25: 0.4 | R25: 0.35 | S25: 0.4
A26: =Districts_Setup!$B$25 -> Narmada | B26: 0.58 | C26: 0.59 | D26: 0.52 | E26: 0.53 | F26: 0.46 | G26: 0.5 | H26: 0.38 | I26: 0.37 | J26: 0.43 | K26: 0.42 | L26: 0.47 | M26: 0.52 | N26: 0.29 | O26: 0.29 | P26: 0.35 | Q26: 0.39 | R26: 0.35 | S26: 0.37
A27: =Districts_Setup!$B$26 -> Navsari | B27: 0.55 | C27: 0.54 | D27: 0.5 | E27: 0.5 | F27: 0.49 | G27: 0.55 | H27: 0.4 | I27: 0.39 | J27: 0.44 | K27: 0.47 | L27: 0.48 | M27: 0.58 | N27: 0.33 | O27: 0.34 | P27: 0.4 | Q27: 0.41 | R27: 0.37 | S27: 0.42
A28: =Districts_Setup!$B$27 -> Panchmahal | B28: 0.6 | C28: 0.59 | D28: 0.57 | E28: 0.53 | F28: 0.5 | G28: 0.56 | H28: 0.43 | I28: 0.41 | J28: 0.46 | K28: 0.46 | L28: 0.43 | M28: 0.46 | N28: 0.29 | O28: 0.29 | P28: 0.35 | Q28: 0.37 | R28: 0.33 | S28: 0.36
A29: =Districts_Setup!$B$28 -> Patan | B29: 0.52 | C29: 0.55 | D29: 0.49 | E29: 0.49 | F29: 0.5 | G29: 0.54 | H29: 0.39 | I29: 0.42 | J29: 0.45 | K29: 0.48 | L29: 0.45 | M29: 0.52 | N29: 0.31 | O29: 0.31 | P29: 0.38 | Q29: 0.38 | R29: 0.35 | S29: 0.39
A30: =Districts_Setup!$B$29 -> Porbandar | B30: 0.48 | C30: 0.54 | D30: 0.45 | E30: 0.5 | F30: 0.49 | G30: 0.55 | H30: 0.38 | I30: 0.39 | J30: 0.43 | K30: 0.47 | L30: 0.44 | M30: 0.55 | N30: 0.3 | O30: 0.3 | P30: 0.36 | Q30: 0.39 | R30: 0.34 | S30: 0.39
A31: =Districts_Setup!$B$30 -> Rajkot | B31: 0.59 | C31: 0.55 | D31: 0.53 | E31: 0.5 | F31: 0.48 | G31: 0.5 | H31: 0.41 | I31: 0.4 | J31: 0.44 | K31: 0.45 | L31: 0.48 | M31: 0.58 | N31: 0.34 | O31: 0.33 | P31: 0.38 | Q31: 0.42 | R31: 0.37 | S31: 0.42
A32: =Districts_Setup!$B$31 -> Sabarkantha | B32: 0.61 | C32: 0.65 | D32: 0.57 | E32: 0.6 | F32: 0.47 | G32: 0.52 | H32: 0.4 | I32: 0.39 | J32: 0.43 | K32: 0.44 | L32: 0.46 | M32: 0.52 | N32: 0.32 | O32: 0.31 | P32: 0.36 | Q32: 0.37 | R32: 0.36 | S32: 0.38
A33: =Districts_Setup!$B$32 -> Surat | B33: 0.54 | C33: 0.58 | D33: 0.5 | E33: 0.5 | F33: 0.53 | G33: 0.57 | H33: 0.44 | I33: 0.42 | J33: 0.46 | K33: 0.47 | L33: 0.55 | M33: 0.57 | N33: 0.36 | O33: 0.34 | P33: 0.41 | Q33: 0.41 | R33: 0.41 | S33: 0.41
A34: =Districts_Setup!$B$33 -> Surendranagar | B34: 0.6 | C34: 0.64 | D34: 0.54 | E34: 0.56 | F34: 0.56 | G34: 0.57 | H34: 0.46 | I34: 0.42 | J34: 0.49 | K34: 0.5 | L34: 0.43 | M34: 0.49 | N34: 0.3 | O34: 0.31 | P34: 0.35 | Q34: 0.37 | R34: 0.33 | S34: 0.38
A35: =Districts_Setup!$B$34 -> Tapi | B35: 0.61 | C35: 0.63 | D35: 0.56 | E35: 0.59 | F35: 0.49 | G35: 0.59 | H35: 0.41 | I35: 0.45 | J35: 0.48 | K35: 0.51 | L35: 0.49 | M35: 0.57 | N35: 0.31 | O35: 0.31 | P35: 0.38 | Q35: 0.4 | R35: 0.36 | S35: 0.41
A36: =Districts_Setup!$B$35 -> Vadodara | B36: 0.53 | C36: 0.51 | D36: 0.49 | E36: 0.47 | F36: 0.5 | G36: 0.58 | H36: 0.41 | I36: 0.43 | J36: 0.44 | K36: 0.48 | L36: 0.49 | M36: 0.62 | N36: 0.34 | O36: 0.35 | P36: 0.42 | Q36: 0.43 | R36: 0.39 | S36: 0.43
A37: =Districts_Setup!$B$36 -> Valsad | B37: 0.55 | C37: 0.63 | D37: 0.5 | E37: 0.56 | F37: 0.49 | G37: 0.55 | H37: 0.4 | I37: 0.4 | J37: 0.44 | K37: 0.45 | L37: 0.47 | M37: 0.53 | N37: 0.32 | O37: 0.31 | P37: 0.39 | Q37: 0.38 | R37: 0.37 | S37: 0.39

Sheet PARAKH_By_Location
A1: Gujarat - PARAKH Average Performance by Location (Rural vs Urban), All 33 Districts
A2: Enter the average % score for Rural and Urban schools separately, for each Grade-Subject, per district. Source: PARAKH RS dashboard, Location filter.
A3: District | B3: Grade 3 - Language | D3: Grade 3 - Mathematics | F3: Grade 6 - Language | H3: Grade 6 - Mathematics | J3: Grade 6 -TWAU | L3: Grade 9 - Language | N3: Grade 9 - Mathematics | P3: Grade 9 - Science | R3: Grade 9 - Social Science
B4: Rural (%) | C4: Urban (%) | D4: Rural (%) | E4: Urban (%) | F4: Rural (%) | G4: Urban (%) | H4: Rural (%) | I4: Urban (%) | J4: Rural (%) | K4: Urban (%) | L4: Rural (%) | M4: Urban (%) | N4: Rural (%) | O4: Urban (%) | P4: Rural (%) | Q4: Urban (%) | R4: Rural (%) | S4: Urban (%)
A5: =Districts_Setup!$B$4 -> Ahmedabad | B5: 0.7 | C5: 0.57 | D5: 0.62 | E5: 0.52 | F5: 0.56 | G5: 0.5 | H5: 0.41 | I5: 0.4 | J5: 0.48 | K5: 0.45 | L5: 0.45 | M5: 0.51 | N5: 0.3 | O5: 0.35 | P5: 0.36 | Q5: 0.4 | R5: 0.34 | S5: 0.39
A6: =Districts_Setup!$B$5 -> Amreli | B6: 0.55 | C6: 0.55 | D6: 0.5 | E6: 0.49 | F6: 0.5 | G6: 0.46 | H6: 0.36 | I6: 0.34 | J6: 0.41 | K6: 0.42 | L6: 0.49 | M6: 0.5 | N6: 0.29 | O6: 0.3 | P6: 0.38 | Q6: 0.38 | R6: 0.38 | S6: 0.37
A7: =Districts_Setup!$B$6 -> Anand | B7: 0.56 | C7: 0.63 | D7: 0.5 | E7: 0.54 | F7: 0.51 | G7: 0.56 | H7: 0.4 | I7: 0.43 | J7: 0.45 | K7: 0.48 | L7: 0.47 | M7: 0.51 | N7: 0.3 | O7: 0.33 | P7: 0.36 | Q7: 0.4 | R7: 0.35 | S7: 0.38
A8: =Districts_Setup!$B$7 -> Aravalli | B8: 0.53 | C8: 0.46 | D8: 0.5 | E8: 0.41 | F8: 0.49 | G8: 0.48 | H8: 0.38 | I8: 0.35 | J8: 0.43 | K8: 0.42 | L8: 0.44 | M8: 0.47 | N8: 0.29 | O8: 0.33 | P8: 0.36 | Q8: 0.37 | R8: 0.34 | S8: 0.37
A9: =Districts_Setup!$B$8 -> Banaskantha | B9: 0.52 | C9: 0.58 | D9: 0.48 | E9: 0.52 | F9: 0.5 | G9: 0.57 | H9: 0.39 | I9: 0.43 | J9: 0.44 | K9: 0.49 | L9: 0.5 | M9: 0.54 | N9: 0.3 | O9: 0.36 | P9: 0.36 | Q9: 0.43 | R9: 0.37 | S9: 0.41
A10: =Districts_Setup!$B$9 -> Bharuch | B10: 0.58 | C10: 0.59 | D10: 0.53 | E10: 0.55 | F10: 0.45 | G10: 0.49 | H10: 0.36 | I10: 0.39 | J10: 0.41 | K10: 0.45 | L10: 0.53 | M10: 0.42 | N10: 0.33 | O10: 0.27 | P10: 0.39 | Q10: 0.33 | R10: 0.38 | S10: 0.32
A11: =Districts_Setup!$B$10 -> Bhavnagar | B11: 0.58 | C11: 0.68 | D11: 0.52 | E11: 0.61 | F11: 0.51 | G11: 0.54 | H11: 0.39 | I11: 0.41 | J11: 0.45 | K11: 0.49 | L11: 0.52 | M11: 0.55 | N11: 0.3 | O11: 0.35 | P11: 0.37 | Q11: 0.43 | R11: 0.38 | S11: 0.42
A12: =Districts_Setup!$B$11 -> Botad | B12: 0.6 | C12: 0.54 | D12: 0.55 | E12: 0.45 | F12: 0.51 | G12: 0.49 | H12: 0.39 | I12: 0.38 | J12: 0.44 | K12: 0.43 | L12: 0.47 | M12: 0.5 | N12: 0.29 | O12: 0.3 | P12: 0.37 | Q12: 0.38 | R12: 0.35 | S12: 0.39
A13: =Districts_Setup!$B$12 -> Chhota Udepur | B13: 0.53 | C13: 0.41 | D13: 0.48 | E13: 0.36 | F13: 0.47 | G13: 0.37 | H13: 0.35 | I13: 0.27 | J13: 0.43 | K13: 0.31 | L13: 0.44 | M13: 0.37 | N13: 0.29 | O13: 0.32 | P13: 0.35 | Q13: 0.32 | R13: 0.35 | S13: 0.32
A14: =Districts_Setup!$B$13 -> Dahod | B14: 0.59 | C14: 0.61 | D14: 0.53 | E14: 0.56 | F14: 0.45 | G14: 0.55 | H14: 0.39 | I14: 0.46 | J14: 0.42 | K14: 0.51 | L14: 0.38 | M14: 0.51 | N14: 0.28 | O14: 0.33 | P14: 0.3 | Q14: 0.36 | R14: 0.3 | S14: 0.35
A15: =Districts_Setup!$B$14 -> Dang | B15: 0.6 | D15: 0.55 | F15: 0.54 | H15: 0.37 | J15: 0.47 | L15: 0.44 | N15: 0.26 | P15: 0.33 | R15: 0.35
A16: =Districts_Setup!$B$15 -> Devbhoomi Dwarka | B16: 0.64 | C16: 0.48 | D16: 0.58 | E16: 0.44 | F16: 0.57 | G16: 0.54 | H16: 0.43 | I16: 0.43 | J16: 0.48 | K16: 0.48 | L16: 0.54 | M16: 0.55 | N16: 0.33 | O16: 0.31 | P16: 0.4 | Q16: 0.39 | R16: 0.4 | S16: 0.4
A17: =Districts_Setup!$B$16 -> Gandhinagar | B17: 0.63 | C17: 0.64 | D17: 0.6 | E17: 0.59 | F17: 0.52 | G17: 0.59 | H17: 0.41 | I17: 0.48 | J17: 0.47 | K17: 0.52 | L17: 0.57 | M17: 0.63 | N17: 0.36 | O17: 0.36 | P17: 0.42 | Q17: 0.46 | R17: 0.41 | S17: 0.45
A18: =Districts_Setup!$B$17 -> Gir Somnath | B18: 0.5 | C18: 0.49 | D18: 0.45 | E18: 0.45 | F18: 0.47 | G18: 0.39 | H18: 0.4 | I18: 0.36 | J18: 0.42 | K18: 0.38 | L18: 0.44 | M18: 0.46 | N18: 0.29 | O18: 0.33 | P18: 0.35 | Q18: 0.38 | R18: 0.35 | S18: 0.38
A19: =Districts_Setup!$B$18 -> Jamnagar | B19: 0.53 | C19: 0.46 | D19: 0.48 | E19: 0.43 | F19: 0.48 | G19: 0.51 | H19: 0.42 | I19: 0.39 | J19: 0.43 | K19: 0.47 | L19: 0.51 | M19: 0.55 | N19: 0.32 | O19: 0.34 | P19: 0.38 | Q19: 0.42 | R19: 0.38 | S19: 0.4
A20: =Districts_Setup!$B$19 -> Junagadh | B20: 0.55 | C20: 0.61 | D20: 0.49 | E20: 0.53 | F20: 0.5 | G20: 0.6 | H20: 0.39 | I20: 0.48 | J20: 0.45 | K20: 0.51 | L20: 0.48 | M20: 0.55 | N20: 0.3 | O20: 0.34 | P20: 0.38 | Q20: 0.41 | R20: 0.37 | S20: 0.41
A21: =Districts_Setup!$B$20 -> Kutch | B21: 0.51 | C21: 0.52 | D21: 0.47 | E21: 0.49 | F21: 0.52 | G21: 0.51 | H21: 0.41 | I21: 0.39 | J21: 0.45 | K21: 0.44 | L21: 0.47 | M21: 0.59 | N21: 0.3 | O21: 0.36 | P21: 0.38 | Q21: 0.42 | R21: 0.35 | S21: 0.41
A22: =Districts_Setup!$B$21 -> Kheda | B22: 0.51 | C22: 0.53 | D22: 0.45 | E22: 0.47 | F22: 0.5 | G22: 0.42 | H22: 0.37 | I22: 0.31 | J22: 0.45 | K22: 0.4 | L22: 0.42 | M22: 0.49 | N22: 0.28 | O22: 0.3 | P22: 0.35 | Q22: 0.37 | R22: 0.32 | S22: 0.37
A23: =Districts_Setup!$B$22 -> Mahisagar | B23: 0.59 | C23: 0.57 | D23: 0.52 | E23: 0.5 | F23: 0.49 | G23: 0.5 | H23: 0.39 | I23: 0.42 | J23: 0.42 | K23: 0.46 | L23: 0.42 | M23: 0.51 | N23: 0.29 | O23: 0.33 | P23: 0.34 | Q23: 0.41 | R23: 0.32 | S23: 0.36
A24: =Districts_Setup!$B$23 -> Mehsana | B24: 0.57 | C24: 0.58 | D24: 0.52 | E24: 0.52 | F24: 0.54 | G24: 0.59 | H24: 0.4 | I24: 0.46 | J24: 0.46 | K24: 0.5 | L24: 0.46 | M24: 0.54 | N24: 0.28 | O24: 0.35 | P24: 0.35 | Q24: 0.4 | R24: 0.34 | S24: 0.41
A25: =Districts_Setup!$B$24 -> Morbi | B25: 0.59 | C25: 0.61 | D25: 0.51 | E25: 0.56 | F25: 0.53 | G25: 0.46 | H25: 0.42 | I25: 0.38 | J25: 0.46 | K25: 0.41 | L25: 0.49 | M25: 0.5 | N25: 0.3 | O25: 0.3 | P25: 0.38 | Q25: 0.36 | R25: 0.37 | S25: 0.36
A26: =Districts_Setup!$B$25 -> Narmada | B26: 0.55 | C26: 0.7 | D26: 0.5 | E26: 0.62 | F26: 0.46 | G26: 0.59 | H26: 0.36 | I26: 0.45 | J26: 0.41 | K26: 0.5 | L26: 0.48 | M26: 0.59 | N26: 0.28 | O26: 0.34 | P26: 0.36 | Q26: 0.42 | R26: 0.34 | S26: 0.44
A27: =Districts_Setup!$B$26 -> Navsari | B27: 0.53 | C27: 0.61 | D27: 0.49 | E27: 0.54 | F27: 0.53 | G27: 0.48 | H27: 0.4 | I27: 0.38 | J27: 0.46 | K27: 0.43 | L27: 0.54 | M27: 0.52 | N27: 0.33 | O27: 0.34 | P27: 0.4 | Q27: 0.42 | R27: 0.4 | S27: 0.39
A28: =Districts_Setup!$B$27 -> Panchmahal | B28: 0.59 | C28: 0.57 | D28: 0.54 | E28: 0.53 | F28: 0.52 | G28: 0.53 | H28: 0.41 | I28: 0.44 | J28: 0.47 | K28: 0.45 | L28: 0.41 | M28: 0.53 | N28: 0.28 | O28: 0.31 | P28: 0.34 | Q28: 0.39 | R28: 0.33 | S28: 0.38
A29: =Districts_Setup!$B$28 -> Patan | B29: 0.54 | C29: 0.53 | D29: 0.5 | E29: 0.48 | F29: 0.49 | G29: 0.55 | H29: 0.4 | I29: 0.4 | J29: 0.43 | K29: 0.48 | L29: 0.47 | M29: 0.52 | N29: 0.3 | O29: 0.33 | P29: 0.37 | Q29: 0.39 | R29: 0.35 | S29: 0.4
A30: =Districts_Setup!$B$29 -> Porbandar | B30: 0.53 | C30: 0.5 | D30: 0.49 | E30: 0.46 | F30: 0.53 | G30: 0.51 | H30: 0.39 | I30: 0.38 | J30: 0.45 | K30: 0.44 | L30: 0.46 | M30: 0.53 | N30: 0.3 | O30: 0.31 | P30: 0.35 | Q30: 0.39 | R30: 0.35 | S30: 0.38
A31: =Districts_Setup!$B$30 -> Rajkot | B31: 0.51 | C31: 0.62 | D31: 0.46 | E31: 0.56 | F31: 0.41 | G31: 0.52 | H31: 0.37 | I31: 0.42 | J31: 0.38 | K31: 0.47 | L31: 0.49 | M31: 0.58 | N31: 0.32 | O31: 0.35 | P31: 0.38 | Q31: 0.42 | R31: 0.37 | S31: 0.42
A32: =Districts_Setup!$B$31 -> Sabarkantha | B32: 0.61 | C32: 0.65 | D32: 0.56 | E32: 0.62 | F32: 0.45 | G32: 0.55 | H32: 0.37 | I32: 0.43 | J32: 0.4 | K32: 0.49 | L32: 0.46 | M32: 0.56 | N32: 0.31 | O32: 0.32 | P32: 0.36 | Q32: 0.38 | R32: 0.35 | S32: 0.4
A33: =Districts_Setup!$B$32 -> Surat | B33: 0.52 | C33: 0.57 | D33: 0.46 | E33: 0.51 | F33: 0.51 | G33: 0.57 | H33: 0.41 | I33: 0.45 | J33: 0.43 | K33: 0.49 | L33: 0.51 | M33: 0.6 | N33: 0.33 | O33: 0.37 | P33: 0.38 | Q33: 0.44 | R33: 0.39 | S33: 0.43
A34: =Districts_Setup!$B$33 -> Surendranagar | B34: 0.59 | C34: 0.64 | D34: 0.54 | E34: 0.56 | F34: 0.53 | G34: 0.58 | H34: 0.45 | I34: 0.44 | J34: 0.46 | K34: 0.51 | L34: 0.43 | M34: 0.52 | N34: 0.3 | O34: 0.32 | P34: 0.34 | Q34: 0.39 | R34: 0.34 | S34: 0.37
A35: =Districts_Setup!$B$34 -> Tapi | B35: 0.62 | C35: 0.6 | D35: 0.57 | E35: 0.61 | F35: 0.54 | G35: 0.53 | H35: 0.43 | I35: 0.38 | J35: 0.5 | K35: 0.5 | L35: 0.52 | M35: 0.59 | N35: 0.31 | O35: 0.31 | P35: 0.39 | Q35: 0.42 | R35: 0.38 | S35: 0.42
A36: =Districts_Setup!$B$35 -> Vadodara | B36: 0.46 | C36: 0.56 | D36: 0.43 | E36: 0.5 | F36: 0.48 | G36: 0.58 | H36: 0.38 | I36: 0.45 | J36: 0.42 | K36: 0.5 | L36: 0.44 | M36: 0.64 | N36: 0.28 | O36: 0.39 | P36: 0.35 | Q36: 0.48 | R36: 0.34 | S36: 0.47
A37: =Districts_Setup!$B$36 -> Valsad | B37: 0.59 | C37: 0.59 | D37: 0.53 | E37: 0.53 | F37: 0.5 | G37: 0.54 | H37: 0.38 | I37: 0.43 | J37: 0.43 | K37: 0.48 | L37: 0.47 | M37: 0.61 | N37: 0.29 | O37: 0.4 | P37: 0.36 | Q37: 0.48 | R37: 0.36 | S37: 0.44

Sheet PARAKH_By_Management
A1: Gujarat - PARAKH Average Performance by School Management, All 33 Districts
A2: Enter the average % score for each school management type, for each Grade-Subject, per district. Source: PARAKH RS dashboard, Management filter.
A3: District | B3: Grade 3 - Language | F3: Grade 3 - Mathematics | J3: Grade 6 - Language | N3: Grade 6 - Mathematics | R3: Grade 6 - The World Around Us | V3: Grade 9 - Language | Z3: Grade 9 - Mathematics | AD3: Grade 9 - Science | AH3: Grade 9 - Social Science
B4: State Govt (%) | C4: Govt Aided (%) | D4: Central Govt (%) | E4: Private Recognised (%) | F4: State Govt (%) | G4: Govt Aided (%) | H4: Central Govt (%) | I4: Private Recognised (%) | J4: State Govt (%) | K4: Govt Aided (%) | L4: Central Govt (%) | M4: Private Recognised (%) | N4: State Govt (%) | O4: Govt Aided (%) | P4: Central Govt (%) | Q4: Private Recognised (%) | R4: State Govt (%) | S4: Govt Aided (%) | T4: Central Govt (%) | U4: Private Recognised (%) | V4: State Govt (%) | W4: Govt Aided (%) | X4: Central Govt (%) | Y4: Private Recognised (%) | Z4: State Govt (%) | AA4: Govt Aided (%) | AB4: Central Govt (%) | AC4: Private Recognised (%) | AD4: State Govt (%) | AE4: Govt Aided (%) | AF4: Central Govt (%) | AG4: Private Recognised (%) | AH4: State Govt (%) | AI4: Govt Aided (%) | AJ4: Central Govt (%) | AK4: Private Recognised (%)
A5: =Districts_Setup!$B$4 -> Ahmedabad | B5: 0.64 | C5: 0.57 | D5: 0.66 | E5: 0.56 | F5: 0.56 | G5: 0.52 | H5: 0.59 | I5: 0.52 | J5: 0.51 | K5: 0.5 | L5: 0.67 | M5: 0.47 | N5: 0.39 | O5: 0.35 | P5: 0.64 | Q5: 0.37 | R5: 0.44 | S5: 0.45 | T5: 0.58 | U5: 0.43 | V5: 0.4 | W5: 0.45 | X5: 0.53 | Y5: 0.6 | Z5: 0.27 | AA5: 0.3 | AB5: 0.44 | AC5: 0.34 | AD5: 0.33 | AE5: 0.35 | AF5: 0.5 | AG5: 0.42 | AH5: 0.31 | AI5: 0.34 | AJ5: 0.43 | AK5: 0.4
A6: =Districts_Setup!$B$5 -> Amreli | B6: 0.54 | C6: 0.55 | E6: 0.56 | F6: 0.49 | G6: 0.47 | I6: 0.51 | J6: 0.43 | K6: 0.51 | L6: 0.91 | M6: 0.48 | N6: 0.32 | O6: 0.36 | P6: 0.84 | Q6: 0.34 | R6: 0.37 | S6: 0.44 | T6: 0.76 | U6: 0.42 | V6: 0.48 | W6: 0.47 | X6: 0.86 | Y6: 0.51 | Z6: 0.29 | AA6: 0.27 | AB6: 0.57 | AC6: 0.31 | AD6: 0.37 | AE6: 0.37 | AF6: 0.62 | AG6: 0.38 | AH6: 0.37 | AI6: 0.36 | AJ6: 0.61 | AK6: 0.38
A7: =Districts_Setup!$B$6 -> Anand | B7: 0.57 | C7: 0.6 | D7: 0.6 | E7: 0.51 | F7: 0.51 | G7: 0.53 | H7: 0.49 | I7: 0.5 | J7: 0.46 | K7: 0.54 | L7: 0.59 | M7: 0.58 | N7: 0.37 | O7: 0.39 | P7: 0.53 | Q7: 0.45 | R7: 0.43 | S7: 0.48 | T7: 0.5 | U7: 0.48 | V7: 0.39 | W7: 0.44 | X7: 0.62 | Y7: 0.59 | Z7: 0.27 | AA7: 0.29 | AB7: 0.48 | AC7: 0.34 | AD7: 0.32 | AE7: 0.33 | AF7: 0.5 | AG7: 0.43 | AH7: 0.31 | AI7: 0.34 | AJ7: 0.45 | AK7: 0.41
A8: =Districts_Setup!$B$7 -> Aravalli | B8: 0.57 | C8: 0.49 | E8: 0.45 | F8: 0.53 | G8: 0.42 | I8: 0.42 | J8: 0.48 | K8: 0.47 | L8: 0.52 | M8: 0.53 | N8: 0.37 | O8: 0.33 | P8: 0.56 | Q8: 0.41 | R8: 0.42 | S8: 0.42 | T8: 0.42 | U8: 0.46 | V8: 0.39 | W8: 0.39 | X8: 0.63 | Y8: 0.52 | Z8: 0.27 | AA8: 0.27 | AB8: 0.47 | AC8: 0.34 | AD8: 0.33 | AE8: 0.33 | AF8: 0.48 | AG8: 0.4 | AH8: 0.31 | AI8: 0.31 | AJ8: 0.42 | AK8: 0.39
A9: =Districts_Setup!$B$8 -> Banaskantha | B9: 0.51 | C9: 0.58 | D9: 0.45 | E9: 0.58 | F9: 0.46 | G9: 0.51 | H9: 0.48 | I9: 0.52 | J9: 0.48 | K9: 0.52 | L9: 0.49 | M9: 0.59 | N9: 0.35 | O9: 0.39 | P9: 0.56 | Q9: 0.45 | R9: 0.41 | S9: 0.45 | T9: 0.45 | U9: 0.52 | V9: 0.47 | W9: 0.49 | X9: 0.73 | Y9: 0.53 | Z9: 0.29 | AA9: 0.29 | AB9: 0.46 | AC9: 0.35 | AD9: 0.35 | AE9: 0.34 | AF9: 0.45 | AG9: 0.42 | AH9: 0.35 | AI9: 0.36 | AJ9: 0.48 | AK9: 0.41
A10: =Districts_Setup!$B$9 -> Bharuch | B10: 0.6 | C10: 0.47 | D10: 0.54 | E10: 0.6 | F10: 0.55 | G10: 0.39 | H10: 0.53 | I10: 0.55 | J10: 0.4 | K10: 0.44 | L10: 0.62 | M10: 0.52 | N10: 0.32 | O10: 0.33 | P10: 0.61 | Q10: 0.41 | R10: 0.39 | S10: 0.41 | T10: 0.52 | U10: 0.45 | V10: 0.47 | W10: 0.46 | X10: 0.71 | Y10: 0.59 | Z10: 0.28 | AA10: 0.29 | AB10: 0.51 | AC10: 0.38 | AD10: 0.37 | AE10: 0.35 | AF10: 0.51 | AG10: 0.42 | AH10: 0.35 | AI10: 0.34 | AJ10: 0.48 | AK10: 0.42
A11: =Districts_Setup!$B$10 -> Bhavnagar | B11: 0.61 | C11: 0.6 | D11: 0.65 | E11: 0.69 | F11: 0.55 | G11: 0.53 | H11: 0.62 | I11: 0.61 | J11: 0.49 | K11: 0.46 | L11: 0.54 | M11: 0.6 | N11: 0.36 | O11: 0.32 | P11: 0.54 | Q11: 0.46 | R11: 0.43 | S11: 0.41 | T11: 0.45 | U11: 0.54 | V11: 0.46 | W11: 0.54 | X11: 0.66 | Y11: 0.57 | Z11: 0.27 | AA11: 0.32 | AB11: 0.51 | AC11: 0.35 | AD11: 0.35 | AE11: 0.37 | AF11: 0.54 | AG11: 0.43 | AH11: 0.35 | AI11: 0.4 | AJ11: 0.47 | AK11: 0.44
A12: =Districts_Setup!$B$11 -> Botad | B12: 0.59 | E12: 0.58 | F12: 0.54 | I12: 0.5 | J12: 0.47 | L12: 0.54 | M12: 0.53 | N12: 0.36 | P12: 0.66 | Q12: 0.39 | R12: 0.41 | T12: 0.41 | U12: 0.46 | V12: 0.44 | W12: 0.5 | X12: 0.55 | Y12: 0.48 | Z12: 0.27 | AA12: 0.31 | AB12: 0.46 | AC12: 0.29 | AD12: 0.36 | AE12: 0.38 | AF12: 0.44 | AG12: 0.36 | AH12: 0.34 | AI12: 0.38 | AJ12: 0.37 | AK12: 0.37
A13: =Districts_Setup!$B$12 -> Chhota Udepur | B13: 0.59 | C13: 0.25 | E13: 0.45 | F13: 0.55 | G13: 0.24 | I13: 0.41 | J13: 0.51 | K13: 0.35 | L13: 0.43 | M13: 0.49 | N13: 0.36 | O13: 0.27 | P13: 0.56 | Q13: 0.35 | R13: 0.48 | S13: 0.34 | T13: 0.38 | U13: 0.41 | V13: 0.39 | W13: 0.42 | X13: 0.58 | Y13: 0.48 | Z13: 0.26 | AA13: 0.29 | AB13: 0.5 | AC13: 0.31 | AD13: 0.32 | AE13: 0.34 | AF13: 0.38 | AG13: 0.38 | AH13: 0.33 | AI13: 0.33 | AJ13: 0.47 | AK13: 0.36
A14: =Districts_Setup!$B$13 -> Dahod | B14: 0.56 | C14: 0.65 | D14: 0.43 | E14: 0.62 | F14: 0.51 | G14: 0.59 | H14: 0.43 | I14: 0.54 | J14: 0.44 | K14: 0.49 | L14: 0.47 | M14: 0.53 | N14: 0.38 | O14: 0.41 | P14: 0.48 | Q14: 0.44 | R14: 0.42 | S14: 0.47 | T14: 0.38 | U14: 0.48 | V14: 0.38 | W14: 0.34 | X14: 0.61 | Y14: 0.43 | Z14: 0.28 | AA14: 0.25 | AB14: 0.46 | AC14: 0.3 | AD14: 0.32 | AE14: 0.28 | AF14: 0.42 | AG14: 0.31 | AH14: 0.32 | AI14: 0.29 | AJ14: 0.41 | AK14: 0.31
A15: =Districts_Setup!$B$14 -> Dang | B15: 0.64 | C15: 0.62 | E15: 0.54 | F15: 0.61 | G15: 0.52 | I15: 0.47 | J15: 0.51 | K15: 0.66 | M15: 0.57 | N15: 0.37 | O15: 0.49 | Q15: 0.37 | R15: 0.47 | S15: 0.6 | U15: 0.47 | V15: 0.39 | W15: 0.46 | X15: 0.55 | Y15: 0.54 | Z15: 0.24 | AA15: 0.27 | AB15: 0.32 | AC15: 0.29 | AD15: 0.33 | AE15: 0.33 | AF15: 0.37 | AG15: 0.36 | AH15: 0.32 | AI15: 0.36 | AJ15: 0.4 | AK15: 0.41
A16: =Districts_Setup!$B$15 -> Devbhoomi Dwarka | B16: 0.62 | C16: 0.48 | D16: 0.43 | E16: 0.56 | F16: 0.56 | G16: 0.43 | H16: 0.43 | I16: 0.5 | J16: 0.53 | K16: 0.59 | L16: 0.61 | M16: 0.58 | N16: 0.41 | O16: 0.44 | P16: 0.58 | Q16: 0.42 | R16: 0.48 | S16: 0.53 | T16: 0.47 | U16: 0.48 | V16: 0.52 | W16: 0.49 | X16: 0.68 | Y16: 0.58 | Z16: 0.3 | AA16: 0.29 | AB16: 0.44 | AC16: 0.36 | AD16: 0.38 | AE16: 0.38 | AF16: 0.45 | AG16: 0.43 | AH16: 0.38 | AI16: 0.37 | AJ16: 0.43 | AK16: 0.43
A17: =Districts_Setup!$B$16 -> Gandhinagar | B17: 0.56 | C17: 0.75 | D17: 0.63 | E17: 0.67 | F17: 0.54 | G17: 0.71 | H17: 0.62 | I17: 0.61 | J17: 0.44 | K17: 0.51 | L17: 0.68 | M17: 0.6 | N17: 0.32 | O17: 0.39 | P17: 0.6 | Q17: 0.48 | R17: 0.41 | S17: 0.47 | T17: 0.58 | U17: 0.53 | V17: 0.61 | W17: 0.49 | X17: 0.64 | Y17: 0.66 | Z17: 0.33 | AA17: 0.29 | AB17: 0.45 | AC17: 0.42 | AD17: 0.42 | AE17: 0.37 | AF17: 0.49 | AG17: 0.5 | AH17: 0.41 | AI17: 0.36 | AJ17: 0.46 | AK17: 0.48
A18: =Districts_Setup!$B$17 -> Gir Somnath | B18: 0.48 | E18: 0.51 | F18: 0.44 | I18: 0.47 | J18: 0.45 | K18: 0.24 | L18: 0.5 | M18: 0.48 | N18: 0.35 | O18: 0.25 | P18: 0.78 | Q18: 0.41 | R18: 0.4 | S18: 0.3 | T18: 0.43 | U18: 0.44 | V18: 0.46 | W18: 0.4 | X18: 0.56 | Y18: 0.47 | Z18: 0.28 | AA18: 0.28 | AB18: 0.54 | AC18: 0.33 | AD18: 0.37 | AE18: 0.32 | AF18: 0.52 | AG18: 0.37 | AH18: 0.34 | AI18: 0.33 | AJ18: 0.47 | AK18: 0.39
A19: =Districts_Setup!$B$18 -> Jamnagar | B19: 0.51 | C19: 0.37 | D19: 0.46 | E19: 0.54 | F19: 0.46 | G19: 0.36 | H19: 0.43 | I19: 0.49 | J19: 0.43 | K19: 0.44 | L19: 0.65 | M19: 0.52 | N19: 0.32 | O19: 0.29 | P19: 0.64 | Q19: 0.39 | R19: 0.38 | S19: 0.39 | T19: 0.56 | U19: 0.49 | V19: 0.44 | W19: 0.54 | X19: 0.59 | Y19: 0.57 | Z19: 0.29 | AA19: 0.29 | AB19: 0.47 | AC19: 0.36 | AD19: 0.35 | AE19: 0.38 | AF19: 0.48 | AG19: 0.43 | AH19: 0.33 | AI19: 0.39 | AJ19: 0.47 | AK19: 0.41
A20: =Districts_Setup!$B$19 -> Junagadh | B20: 0.55 | C20: 0.63 | D20: 0.62 | E20: 0.6 | F20: 0.47 | G20: 0.56 | H20: 0.54 | I20: 0.54 | J20: 0.51 | K20: 0.29 | L20: 0.54 | M20: 0.64 | N20: 0.4 | O20: 0.25 | P20: 0.55 | Q20: 0.49 | R20: 0.44 | S20: 0.32 | T20: 0.42 | U20: 0.55 | V20: 0.48 | W20: 0.48 | X20: 0.61 | Y20: 0.58 | Z20: 0.29 | AA20: 0.28 | AB20: 0.48 | AC20: 0.36 | AD20: 0.38 | AE20: 0.37 | AF20: 0.45 | AG20: 0.45 | AH20: 0.36 | AI20: 0.37 | AJ20: 0.48 | AK20: 0.44
A21: =Districts_Setup!$B$20 -> Kutch | B21: 0.5 | C21: 0.55 | D21: 0.49 | E21: 0.52 | F21: 0.47 | G21: 0.51 | H21: 0.46 | I21: 0.47 | J21: 0.45 | K21: 0.47 | L21: 0.63 | M21: 0.57 | N21: 0.35 | O21: 0.33 | P21: 0.57 | Q21: 0.44 | R21: 0.39 | S21: 0.41 | T21: 0.53 | U21: 0.49 | V21: 0.43 | W21: 0.5 | X21: 0.68 | Y21: 0.59 | Z21: 0.27 | AA21: 0.3 | AB21: 0.48 | AC21: 0.35 | AD21: 0.33 | AE21: 0.37 | AF21: 0.54 | AG21: 0.43 | AH21: 0.33 | AI21: 0.36 | AJ21: 0.47 | AK21: 0.41
A22: =Districts_Setup!$B$21 -> Kheda | B22: 0.52 | C22: 0.58 | E22: 0.45 | F22: 0.47 | G22: 0.51 | I22: 0.4 | J22: 0.43 | K22: 0.44 | M22: 0.51 | N22: 0.34 | O22: 0.31 | Q22: 0.39 | R22: 0.41 | S22: 0.41 | U22: 0.47 | V22: 0.39 | W22: 0.41 | X22: 0.61 | Y22: 0.53 | Z22: 0.26 | AA22: 0.26 | AB22: 0.55 | AC22: 0.33 | AD22: 0.33 | AE22: 0.33 | AF22: 0.53 | AG22: 0.39 | AH22: 0.29 | AI22: 0.33 | AJ22: 0.44 | AK22: 0.4
A23: =Districts_Setup!$B$22 -> Mahisagar | B23: 0.61 | C23: 0.5 | E23: 0.58 | F23: 0.55 | G23: 0.44 | I23: 0.49 | J23: 0.41 | K23: 0.5 | L23: 0.43 | M23: 0.59 | N23: 0.33 | O23: 0.42 | P23: 0.59 | Q23: 0.45 | R23: 0.36 | S23: 0.47 | T23: 0.37 | U23: 0.51 | V23: 0.44 | W23: 0.36 | X23: 0.49 | Y23: 0.52 | Z23: 0.3 | AA23: 0.26 | AB23: 0.35 | AC23: 0.33 | AD23: 0.35 | AE23: 0.32 | AF23: 0.43 | AG23: 0.39 | AH23: 0.33 | AI23: 0.29 | AJ23: 0.36 | AK23: 0.36
A24: =Districts_Setup!$B$23 -> Mehsana | B24: 0.55 | C24: 0.68 | D24: 0.57 | E24: 0.54 | F24: 0.53 | G24: 0.61 | H24: 0.56 | I24: 0.47 | J24: 0.53 | K24: 0.51 | L24: 0.62 | M24: 0.61 | N24: 0.38 | O24: 0.37 | P24: 0.6 | Q24: 0.49 | R24: 0.44 | S24: 0.46 | T24: 0.48 | U24: 0.52 | V24: 0.41 | W24: 0.5 | X24: 0.71 | Y24: 0.55 | Z24: 0.27 | AA24: 0.28 | AB24: 0.55 | AC24: 0.35 | AD24: 0.32 | AE24: 0.35 | AF24: 0.58 | AG24: 0.41 | AH24: 0.32 | AI24: 0.37 | AJ24: 0.45 | AK24: 0.41
A25: =Districts_Setup!$B$24 -> Morbi | B25: 0.55 | E25: 0.65 | F25: 0.49 | I25: 0.57 | J25: 0.48 | K25: 0.63 | L25: 0.39 | M25: 0.53 | N25: 0.36 | O25: 0.47 | P25: 0.56 | Q25: 0.44 | R25: 0.43 | S25: 0.51 | T25: 0.33 | U25: 0.46 | V25: 0.44 | W25: 0.48 | X25: 0.68 | Y25: 0.54 | Z25: 0.27 | AA25: 0.3 | AB25: 0.49 | AC25: 0.33 | AD25: 0.35 | AE25: 0.36 | AF25: 0.55 | AG25: 0.41 | AH25: 0.32 | AI25: 0.36 | AJ25: 0.44 | AK25: 0.4
A26: =Districts_Setup!$B$25 -> Narmada | B26: 0.63 | C26: 0.98 | E26: 0.98 | F26: 0.53 | G26: 0.87 | I26: 0.45 | J26: 0.43 | K26: 0.49 | L26: 0.59 | M26: 0.53 | N26: 0.35 | O26: 0.39 | P26: 0.6 | Q26: 0.39 | R26: 0.4 | S26: 0.46 | T26: 0.48 | U26: 0.44 | V26: 0.5 | W26: 0.4 | X26: 0.66 | Y26: 0.58 | Z26: 0.28 | AA26: 0.26 | AB26: 0.38 | AC26: 0.33 | AD26: 0.36 | AE26: 0.33 | AF26: 0.45 | AG26: 0.41 | AH26: 0.34 | AI26: 0.32 | AJ26: 0.38 | AK26: 0.41
A27: =Districts_Setup!$B$26 -> Navsari | B27: 0.54 | C27: 0.43 | E27: 0.58 | F27: 0.5 | G27: 0.4 | I27: 0.53 | J27: 0.49 | K27: 0.46 | L27: 0.5 | M27: 0.59 | N27: 0.36 | O27: 0.35 | P27: 0.54 | Q27: 0.46 | R27: 0.41 | S27: 0.42 | T27: 0.38 | U27: 0.54 | V27: 0.52 | W27: 0.48 | X27: 0.74 | Y27: 0.59 | Z27: 0.29 | AA27: 0.32 | AB27: 0.55 | AC27: 0.38 | AD27: 0.39 | AE27: 0.38 | AF27: 0.51 | AG27: 0.45 | AH27: 0.38 | AI27: 0.36 | AJ27: 0.53 | AK27: 0.44
A28: =Districts_Setup!$B$27 -> Panchmahal | B28: 0.58 | C28: 0.69 | D28: 0.47 | E28: 0.56 | F28: 0.52 | G28: 0.67 | H28: 0.49 | I28: 0.52 | J28: 0.5 | K28: 0.56 | L28: 0.58 | M28: 0.51 | N28: 0.41 | O28: 0.4 | P28: 0.62 | Q28: 0.42 | R28: 0.45 | S28: 0.49 | T28: 0.46 | U28: 0.45 | V28: 0.42 | W28: 0.37 | X28: 0.67 | Y28: 0.51 | Z28: 0.27 | AA28: 0.27 | AB28: 0.44 | AC28: 0.31 | AD28: 0.35 | AE28: 0.32 | AF28: 0.44 | AG28: 0.38 | AH28: 0.32 | AI28: 0.32 | AJ28: 0.43 | AK28: 0.38
A29: =Districts_Setup!$B$28 -> Patan | B29: 0.52 | C29: 0.52 | D29: 0.7 | E29: 0.55 | F29: 0.48 | G29: 0.45 | H29: 0.68 | I29: 0.5 | J29: 0.46 | K29: 0.53 | L29: 0.49 | M29: 0.58 | N29: 0.36 | O29: 0.42 | P29: 0.58 | Q29: 0.42 | R29: 0.41 | S29: 0.48 | T29: 0.44 | U29: 0.5 | V29: 0.41 | W29: 0.48 | X29: 0.72 | Y29: 0.5 | Z29: 0.26 | AA29: 0.3 | AB29: 0.54 | AC29: 0.26 | AD29: 0.35 | AE29: 0.37 | AF29: 0.54 | AG29: 0.4 | AH29: 0.33 | AI29: 0.37 | AJ29: 0.5 | AK29: 0.39
A30: =Districts_Setup!$B$29 -> Porbandar | B30: 0.52 | D30: 0.61 | E30: 0.49 | F30: 0.48 | H30: 0.62 | I30: 0.46 | J30: 0.48 | L30: 0.44 | M30: 0.58 | N30: 0.35 | P30: 0.47 | Q30: 0.42 | R30: 0.42 | T30: 0.36 | U30: 0.49 | V30: 0.45 | W30: 0.51 | X30: 0.54 | Y30: 0.52 | Z30: 0.29 | AA30: 0.28 | AB30: 0.28 | AC30: 0.31 | AD30: 0.36 | AE30: 0.35 | AF30: 0.46 | AG30: 0.4 | AH30: 0.35 | AI30: 0.35 | AJ30: 0.41 | AK30: 0.37
A31: =Districts_Setup!$B$30 -> Rajkot | B31: 0.53 | C31: 0.68 | D31: 0.41 | E31: 0.61 | F31: 0.49 | G31: 0.56 | H31: 0.37 | I31: 0.54 | J31: 0.4 | K31: 0.63 | L31: 0.57 | M31: 0.53 | N31: 0.33 | O31: 0.48 | P31: 0.58 | Q31: 0.42 | R31: 0.38 | S31: 0.54 | T31: 0.5 | U31: 0.48 | V31: 0.46 | W31: 0.45 | X31: 0.72 | Y31: 0.64 | Z31: 0.29 | AA31: 0.28 | AB31: 0.5 | AC31: 0.4 | AD31: 0.37 | AE31: 0.36 | AF31: 0.47 | AG31: 0.45 | AH31: 0.36 | AI31: 0.35 | AJ31: 0.45 | AK31: 0.47
A32: =Districts_Setup!$B$31 -> Sabarkantha | B32: 0.63 | C32: 0.72 | D32: 0.4 | E32: 0.58 | F32: 0.59 | G32: 0.68 | H32: 0.42 | I32: 0.53 | J32: 0.39 | K32: 0.56 | L32: 0.44 | M32: 0.54 | N32: 0.31 | O32: 0.42 | P32: 0.47 | Q32: 0.43 | R32: 0.35 | S32: 0.48 | T32: 0.37 | U32: 0.49 | V32: 0.41 | W32: 0.44 | X32: 0.56 | Y32: 0.58 | Z32: 0.26 | AA32: 0.29 | AB32: 0.48 | AC32: 0.37 | AD32: 0.31 | AE32: 0.45 | AF32: 0.46 | AG32: 0.42 | AH32: 0.31 | AI32: 0.35 | AJ32: 0.43 | AK32: 0.42
A33: =Districts_Setup!$B$32 -> Surat | B33: 0.52 | C33: 0.6 | D33: 0.62 | E33: 0.53 | F33: 0.47 | G33: 0.52 | H33: 0.59 | I33: 0.48 | J33: 0.44 | K33: 0.54 | L33: 0.7 | M33: 0.62 | N33: 0.32 | O33: 0.41 | P33: 0.67 | Q33: 0.49 | R33: 0.37 | S33: 0.47 | T33: 0.58 | U33: 0.52 | V33: 0.47 | W33: 0.54 | X33: 0.73 | Y33: 0.62 | Z33: 0.29 | AA33: 0.32 | AB33: 0.52 | AC33: 0.38 | AD33: 0.35 | AE33: 0.39 | AF33: 0.57 | AG33: 0.44 | AH33: 0.36 | AI33: 0.4 | AJ33: 0.52 | AK33: 0.45
A34: =Districts_Setup!$B$33 -> Surendranagar | B34: 0.58 | C34: 0.66 | D34: 0.46 | E34: 0.66 | F34: 0.53 | G34: 0.57 | H34: 0.42 | I34: 0.58 | J34: 0.47 | K34: 0.5 | L34: 0.6 | M34: 0.68 | N34: 0.37 | O34: 0.35 | P34: 0.67 | Q34: 0.52 | R34: 0.43 | S34: 0.45 | T34: 0.48 | U34: 0.58 | V34: 0.41 | W34: 0.43 | X34: 0.66 | Y34: 0.52 | Z34: 0.29 | AA34: 0.27 | AB34: 0.46 | AC34: 0.34 | AD34: 0.33 | AE34: 0.34 | AF34: 0.47 | AG34: 0.38 | AH34: 0.33 | AI34: 0.34 | AJ34: 0.4 | AK34: 0.39
A35: =Districts_Setup!$B$34 -> Tapi | B35: 0.64 | D35: 0.54 | E35: 0.59 | F35: 0.59 | H35: 0.43 | I35: 0.57 | J35: 0.49 | K35: 0.5 | L35: 0.66 | M35: 0.58 | N35: 0.39 | O35: 0.42 | P35: 0.66 | Q35: 0.44 | R35: 0.47 | S35: 0.49 | T35: 0.54 | U35: 0.52 | V35: 0.51 | W35: 0.44 | X35: 0.67 | Y35: 0.6 | Z35: 0.29 | AA35: 0.29 | AB35: 0.45 | AC35: 0.33 | AD35: 0.37 | AE35: 0.35 | AF35: 0.49 | AG35: 0.43 | AH35: 0.37 | AI35: 0.34 | AJ35: 0.44 | AK35: 0.43
A36: =Districts_Setup!$B$35 -> Vadodara | B36: 0.45 | C36: 0.59 | D36: 0.62 | E36: 0.53 | F36: 0.42 | G36: 0.55 | H36: 0.57 | I36: 0.45 | J36: 0.4 | K36: 0.52 | L36: 0.66 | M36: 0.61 | N36: 0.28 | O36: 0.41 | P36: 0.55 | Q36: 0.48 | R36: 0.34 | S36: 0.46 | T36: 0.56 | U36: 0.53 | V36: 0.47 | W36: 0.48 | X36: 0.72 | Y36: 0.65 | Z36: 0.27 | AA36: 0.3 | AB36: 0.44 | AC36: 0.43 | AD36: 0.36 | AE36: 0.37 | AF36: 0.54 | AG36: 0.49 | AH36: 0.35 | AI36: 0.37 | AJ36: 0.54 | AK36: 0.47
A37: =Districts_Setup!$B$36 -> Valsad | B37: 0.56 | C37: 0.7 | D37: 0.47 | E37: 0.6 | F37: 0.49 | G37: 0.6 | H37: 0.46 | I37: 0.55 | J37: 0.45 | K37: 0.51 | L37: 0.68 | M37: 0.56 | N37: 0.35 | O37: 0.36 | P37: 0.55 | Q37: 0.47 | R37: 0.41 | S37: 0.43 | T37: 0.53 | U37: 0.48 | V37: 0.44 | W37: 0.44 | X37: 0.66 | Y37: 0.61 | Z37: 0.25 | AA37: 0.3 | AB37: 0.42 | AC37: 0.38 | AD37: 0.32 | AE37: 0.35 | AF37: 0.57 | AG37: 0.45 | AH37: 0.34 | AI37: 0.35 | AJ37: 0.49 | AK37: 0.44

Sheet PARAKH_By_SocialGroup
A1: Gujarat - PARAKH Average Performance by Social Group, All 33 Districts
A2: Enter the average % score for each social group, for each Grade-Subject, per district. Source: PARAKH RS dashboard, Social Category filter.
A3: District | B3: Grade 3 - Language | F3: Grade 3 - Mathematics | J3: Grade 6 - Language | N3: Grade 6 - Mathematics | R3: Grade 6 - The World Around Us | V3: Grade 9 - Language | Z3: Grade 9 - Mathematics | AD3: Grade 9 - Science | AH3: Grade 9 - Social Science
B4: SC (%) | C4: ST (%) | D4: OBC (%) | E4: General/Others (%) | F4: SC (%) | G4: ST (%) | H4: OBC (%) | I4: General/Others (%) | J4: SC (%) | K4: ST (%) | L4: OBC (%) | M4: General/Others (%) | N4: SC (%) | O4: ST (%) | P4: OBC (%) | Q4: General/Others (%) | R4: SC (%) | S4: ST (%) | T4: OBC (%) | U4: General/Others (%) | V4: SC (%) | W4: ST (%) | X4: OBC (%) | Y4: General/Others (%) | Z4: SC (%) | AA4: ST (%) | AB4: OBC (%) | AC4: General/Others (%) | AD4: SC (%) | AE4: ST (%) | AF4: OBC (%) | AG4: General/Others (%) | AH4: SC (%) | AI4: ST (%) | AJ4: OBC (%) | AK4: General/Others (%)
A5: =Districts_Setup!$B$4 -> Ahmedabad | B5: 0.6 | C5: 0.5 | D5: 0.59 | E5: 0.6 | F5: 0.54 | G5: 0.48 | H5: 0.55 | I5: 0.53 | J5: 0.5 | K5: 0.52 | L5: 0.53 | M5: 0.49 | N5: 0.39 | O5: 0.36 | P5: 0.41 | Q5: 0.4 | R5: 0.45 | S5: 0.44 | T5: 0.46 | U5: 0.45 | V5: 0.48 | W5: 0.45 | X5: 0.44 | Y5: 0.54 | Z5: 0.32 | AA5: 0.29 | AB5: 0.3 | AC5: 0.38 | AD5: 0.36 | AE5: 0.38 | AF5: 0.36 | AG5: 0.44 | AH5: 0.37 | AI5: 0.33 | AJ5: 0.34 | AK5: 0.42
A6: =Districts_Setup!$B$5 -> Amreli | B6: 0.57 | C6: 0.55 | D6: 0.53 | E6: 0.6 | F6: 0.55 | G6: 0.51 | H6: 0.48 | I6: 0.55 | J6: 0.6 | K6: 0.44 | L6: 0.45 | M6: 0.56 | N6: 0.36 | O6: 0.37 | P6: 0.33 | Q6: 0.44 | R6: 0.47 | S6: 0.36 | T6: 0.39 | U6: 0.52 | V6: 0.51 | W6: 0.52 | X6: 0.48 | Y6: 0.57 | Z6: 0.26 | AA6: 0.23 | AB6: 0.29 | AC6: 0.34 | AD6: 0.39 | AE6: 0.38 | AF6: 0.37 | AG6: 0.4 | AH6: 0.36 | AI6: 0.35 | AJ6: 0.37 | AK6: 0.42
A7: =Districts_Setup!$B$6 -> Anand | B7: 0.6 | C7: 0.68 | D7: 0.58 | E7: 0.59 | F7: 0.5 | G7: 0.5 | H7: 0.52 | I7: 0.51 | J7: 0.54 | K7: 0.56 | L7: 0.5 | M7: 0.58 | N7: 0.43 | O7: 0.41 | P7: 0.39 | Q7: 0.44 | R7: 0.46 | S7: 0.48 | T7: 0.45 | U7: 0.49 | V7: 0.47 | W7: 0.41 | X7: 0.46 | Y7: 0.53 | Z7: 0.4 | AA7: 0.27 | AB7: 0.3 | AC7: 0.34 | AD7: 0.43 | AE7: 0.34 | AF7: 0.35 | AG7: 0.4 | AH7: 0.39 | AI7: 0.34 | AJ7: 0.34 | AK7: 0.39
A8: =Districts_Setup!$B$7 -> Aravalli | B8: 0.45 | C8: 0.58 | D8: 0.51 | E8: 0.56 | F8: 0.34 | G8: 0.52 | H8: 0.48 | I8: 0.53 | J8: 0.51 | K8: 0.45 | L8: 0.47 | M8: 0.58 | N8: 0.35 | O8: 0.34 | P8: 0.36 | Q8: 0.46 | R8: 0.42 | S8: 0.41 | T8: 0.42 | U8: 0.49 | V8: 0.49 | W8: 0.43 | X8: 0.42 | Y8: 0.57 | Z8: 0.32 | AA8: 0.28 | AB8: 0.29 | AC8: 0.38 | AD8: 0.4 | AE8: 0.35 | AF8: 0.35 | AG8: 0.4 | AH8: 0.38 | AI8: 0.33 | AJ8: 0.32 | AK8: 0.42
A9: =Districts_Setup!$B$8 -> Banaskantha | B9: 0.54 | C9: 0.35 | D9: 0.56 | E9: 0.58 | F9: 0.45 | G9: 0.34 | H9: 0.51 | I9: 0.52 | J9: 0.51 | K9: 0.43 | L9: 0.53 | M9: 0.59 | N9: 0.41 | O9: 0.32 | P9: 0.4 | Q9: 0.45 | R9: 0.46 | S9: 0.39 | T9: 0.46 | U9: 0.49 | V9: 0.56 | W9: 0.42 | X9: 0.5 | Y9: 0.57 | Z9: 0.31 | AA9: 0.27 | AB9: 0.31 | AC9: 0.39 | AD9: 0.36 | AE9: 0.33 | AF9: 0.37 | AG9: 0.41 | AH9: 0.39 | AI9: 0.32 | AJ9: 0.37 | AK9: 0.42
A10: =Districts_Setup!$B$9 -> Bharuch | B10: 0.63 | C10: 0.54 | D10: 0.58 | E10: 0.61 | F10: 0.48 | G10: 0.47 | H10: 0.53 | I10: 0.57 | J10: 0.58 | K10: 0.39 | L10: 0.5 | M10: 0.47 | N10: 0.44 | O10: 0.32 | P10: 0.4 | Q10: 0.4 | R10: 0.53 | S10: 0.38 | T10: 0.44 | U10: 0.44 | V10: 0.5 | W10: 0.47 | X10: 0.54 | Y10: 0.56 | Z10: 0.33 | AA10: 0.28 | AB10: 0.35 | AC10: 0.36 | AD10: 0.4 | AE10: 0.36 | AF10: 0.41 | AG10: 0.4 | AH10: 0.37 | AI10: 0.34 | AJ10: 0.38 | AK10: 0.41
A11: =Districts_Setup!$B$10 -> Bhavnagar | B11: 0.61 | C11: 0.5 | D11: 0.62 | E11: 0.73 | F11: 0.54 | G11: 0.39 | H11: 0.57 | I11: 0.64 | J11: 0.52 | K11: 0.38 | L11: 0.51 | M11: 0.57 | N11: 0.4 | O11: 0.24 | P11: 0.37 | Q11: 0.46 | R11: 0.44 | S11: 0.35 | T11: 0.44 | U11: 0.51 | V11: 0.59 | W11: 0.48 | X11: 0.51 | Y11: 0.61 | Z11: 0.36 | AA11: 0.29 | AB11: 0.31 | AC11: 0.38 | AD11: 0.39 | AE11: 0.41 | AF11: 0.38 | AG11: 0.44 | AH11: 0.42 | AI11: 0.36 | AJ11: 0.39 | AK11: 0.44
A12: =Districts_Setup!$B$11 -> Botad | B12: 0.58 | C12: 0.6 | D12: 0.59 | E12: 0.6 | F12: 0.51 | G12: 0.58 | H12: 0.52 | I12: 0.55 | J12: 0.53 | K12: 0.43 | L12: 0.49 | M12: 0.57 | N12: 0.35 | O12: 0.31 | P12: 0.39 | Q12: 0.42 | R12: 0.45 | S12: 0.37 | T12: 0.43 | U12: 0.49 | V12: 0.5 | W12: 0.53 | X12: 0.47 | Y12: 0.53 | Z12: 0.31 | AA12: 0.29 | AB12: 0.29 | AC12: 0.34 | AD12: 0.38 | AE12: 0.3 | AF12: 0.37 | AG12: 0.45 | AH12: 0.37 | AI12: 0.32 | AJ12: 0.36 | AK12: 0.4
A13: =Districts_Setup!$B$12 -> Chhota Udepur | B13: 0.55 | C13: 0.56 | D13: 0.5 | E13: 0.41 | F13: 0.48 | G13: 0.52 | H13: 0.46 | I13: 0.35 | J13: 0.43 | K13: 0.46 | L13: 0.42 | M13: 0.53 | N13: 0.31 | O13: 0.34 | P13: 0.35 | Q13: 0.36 | R13: 0.42 | S13: 0.43 | T13: 0.39 | U13: 0.41 | V13: 0.44 | W13: 0.42 | X13: 0.45 | Y13: 0.47 | Z13: 0.3 | AA13: 0.28 | AB13: 0.32 | AC13: 0.34 | AD13: 0.32 | AE13: 0.33 | AF13: 0.38 | AG13: 0.4 | AH13: 0.36 | AI13: 0.34 | AJ13: 0.35 | AK13: 0.36
A14: =Districts_Setup!$B$13 -> Dahod | B14: 0.59 | C14: 0.6 | D14: 0.59 | E14: 0.64 | F14: 0.51 | G14: 0.54 | H14: 0.53 | I14: 0.59 | J14: 0.47 | K14: 0.46 | L14: 0.49 | M14: 0.67 | N14: 0.41 | O14: 0.39 | P14: 0.42 | Q14: 0.58 | R14: 0.39 | S14: 0.43 | T14: 0.46 | U14: 0.63 | V14: 0.37 | W14: 0.38 | X14: 0.45 | Y14: 0.54 | Z14: 0.31 | AA14: 0.27 | AB14: 0.32 | AC14: 0.42 | AD14: 0.3 | AE14: 0.3 | AF14: 0.33 | AG14: 0.42 | AH14: 0.31 | AI14: 0.31 | AJ14: 0.33 | AK14: 0.45
A15: =Districts_Setup!$B$14 -> Dang | B15: 0.55 | C15: 0.61 | D15: 0.48 | E15: 0.39 | F15: 0.47 | G15: 0.56 | H15: 0.38 | I15: 0.34 | J15: 0.25 | K15: 0.55 | L15: 0.53 | M15: 0.42 | N15: 0.33 | O15: 0.38 | P15: 0.36 | Q15: 0.38 | R15: 0.38 | S15: 0.48 | T15: 0.51 | U15: 0.45 | V15: 0.42 | W15: 0.44 | X15: 0.47 | Y15: 0.46 | Z15: 0.29 | AA15: 0.26 | AB15: 0.26 | AC15: 0.25 | AD15: 0.37 | AE15: 0.33 | AF15: 0.34 | AG15: 0.34 | AH15: 0.36 | AI15: 0.35 | AJ15: 0.35 | AK15: 0.35
A16: =Districts_Setup!$B$15 -> Devbhoomi Dwarka | B16: 0.57 | C16: 0.53 | D16: 0.58 | E16: 0.57 | F16: 0.52 | G16: 0.43 | H16: 0.53 | I16: 0.51 | J16: 0.51 | K16: 0.59 | L16: 0.56 | M16: 0.57 | N16: 0.4 | O16: 0.33 | P16: 0.46 | Q16: 0.43 | R16: 0.47 | S16: 0.47 | T16: 0.48 | U16: 0.49 | V16: 0.57 | W16: 0.44 | X16: 0.54 | Y16: 0.56 | Z16: 0.28 | AA16: 0.27 | AB16: 0.33 | AC16: 0.35 | AD16: 0.36 | AE16: 0.32 | AF16: 0.4 | AG16: 0.43 | AH16: 0.39 | AI16: 0.33 | AJ16: 0.4 | AK16: 0.41
A17: =Districts_Setup!$B$16 -> Gandhinagar | B17: 0.6 | C17: 0.57 | D17: 0.62 | E17: 0.69 | F17: 0.57 | G17: 0.53 | H17: 0.58 | I17: 0.64 | J17: 0.6 | K17: 0.49 | L17: 0.49 | M17: 0.61 | N17: 0.46 | O17: 0.4 | P17: 0.37 | Q17: 0.52 | R17: 0.5 | S17: 0.46 | T17: 0.45 | U17: 0.54 | V17: 0.63 | W17: 0.59 | X17: 0.53 | Y17: 0.66 | Z17: 0.33 | AA17: 0.31 | AB17: 0.33 | AC17: 0.44 | AD17: 0.43 | AE17: 0.4 | AF17: 0.4 | AG17: 0.5 | AH17: 0.42 | AI17: 0.4 | AJ17: 0.39 | AK17: 0.48
A18: =Districts_Setup!$B$17 -> Gir Somnath | B18: 0.54 | C18: 0.59 | D18: 0.5 | E18: 0.5 | F18: 0.48 | G18: 0.53 | H18: 0.45 | I18: 0.46 | J18: 0.55 | K18: 0.3 | L18: 0.44 | M18: 0.51 | N18: 0.43 | O18: 0.3 | P18: 0.38 | Q18: 0.44 | R18: 0.44 | S18: 0.33 | T18: 0.4 | U18: 0.48 | V18: 0.59 | W18: 0.46 | X18: 0.42 | Y18: 0.51 | Z18: 0.36 | AA18: 0.28 | AB18: 0.29 | AC18: 0.36 | AD18: 0.43 | AE18: 0.32 | AF18: 0.34 | AG18: 0.4 | AH18: 0.42 | AI18: 0.36 | AJ18: 0.34 | AK18: 0.41
A19: =Districts_Setup!$B$18 -> Jamnagar | B19: 0.44 | C19: 0.47 | D19: 0.48 | E19: 0.56 | F19: 0.38 | G19: 0.42 | H19: 0.45 | I19: 0.51 | J19: 0.49 | K19: 0.51 | L19: 0.47 | M19: 0.55 | N19: 0.44 | O19: 0.37 | P19: 0.34 | Q19: 0.48 | R19: 0.46 | S19: 0.43 | T19: 0.41 | U19: 0.52 | V19: 0.49 | W19: 0.45 | X19: 0.5 | Y19: 0.6 | Z19: 0.31 | AA19: 0.29 | AB19: 0.32 | AC19: 0.37 | AD19: 0.4 | AE19: 0.35 | AF19: 0.38 | AG19: 0.43 | AH19: 0.4 | AI19: 0.36 | AJ19: 0.37 | AK19: 0.43
A20: =Districts_Setup!$B$19 -> Junagadh | B20: 0.57 | C20: 0.56 | D20: 0.57 | E20: 0.58 | F20: 0.46 | G20: 0.49 | H20: 0.5 | I20: 0.54 | J20: 0.57 | K20: 0.44 | L20: 0.53 | M20: 0.64 | N20: 0.4 | O20: 0.35 | P20: 0.41 | Q20: 0.54 | R20: 0.49 | S20: 0.41 | T20: 0.46 | U20: 0.55 | V20: 0.46 | W20: 0.45 | X20: 0.53 | Y20: 0.54 | Z20: 0.29 | AA20: 0.29 | AB20: 0.31 | AC20: 0.36 | AD20: 0.36 | AE20: 0.42 | AF20: 0.4 | AG20: 0.44 | AH20: 0.37 | AI20: 0.4 | AJ20: 0.39 | AK20: 0.41
A21: =Districts_Setup!$B$20 -> Kutch | B21: 0.5 | C21: 0.56 | D21: 0.49 | E21: 0.56 | F21: 0.47 | G21: 0.5 | H21: 0.46 | I21: 0.52 | J21: 0.51 | K21: 0.42 | L21: 0.48 | M21: 0.51 | N21: 0.37 | O21: 0.34 | P21: 0.38 | Q21: 0.43 | R21: 0.43 | S21: 0.38 | T21: 0.42 | U21: 0.48 | V21: 0.52 | W21: 0.49 | X21: 0.48 | Y21: 0.58 | Z21: 0.33 | AA21: 0.31 | AB21: 0.29 | AC21: 0.37 | AD21: 0.4 | AE21: 0.36 | AF21: 0.36 | AG21: 0.44 | AH21: 0.38 | AI21: 0.32 | AJ21: 0.36 | AK21: 0.41
A22: =Districts_Setup!$B$21 -> Kheda | B22: 0.59 | C22: 0.58 | D22: 0.51 | E22: 0.56 | F22: 0.55 | G22: 0.45 | H22: 0.45 | I22: 0.49 | J22: 0.49 | K22: 0.25 | L22: 0.45 | M22: 0.51 | N22: 0.37 | O22: 0.24 | P22: 0.34 | Q22: 0.38 | R22: 0.44 | S22: 0.3 | T22: 0.42 | U22: 0.47 | V22: 0.51 | W22: 0.48 | X22: 0.42 | Y22: 0.54 | Z22: 0.34 | AA22: 0.27 | AB22: 0.27 | AC22: 0.33 | AD22: 0.44 | AE22: 0.31 | AF22: 0.35 | AG22: 0.4 | AH22: 0.38 | AI22: 0.31 | AJ22: 0.32 | AK22: 0.4
A23: =Districts_Setup!$B$22 -> Mahisagar | B23: 0.59 | C23: 0.62 | D23: 0.57 | E23: 0.59 | F23: 0.53 | G23: 0.55 | H23: 0.49 | I23: 0.53 | J23: 0.52 | K23: 0.5 | L23: 0.5 | M23: 0.48 | N23: 0.39 | O23: 0.41 | P23: 0.41 | Q23: 0.4 | R23: 0.48 | S23: 0.42 | T23: 0.45 | U23: 0.4 | V23: 0.48 | W23: 0.41 | X23: 0.42 | Y23: 0.46 | Z23: 0.3 | AA23: 0.29 | AB23: 0.31 | AC23: 0.36 | AD23: 0.37 | AE23: 0.34 | AF23: 0.38 | AG23: 0.42 | AH23: 0.38 | AI23: 0.31 | AJ23: 0.34 | AK23: 0.39
A24: =Districts_Setup!$B$23 -> Mehsana | B24: 0.52 | C24: 0.41 | D24: 0.56 | E24: 0.62 | F24: 0.46 | G24: 0.36 | H24: 0.51 | I24: 0.55 | J24: 0.58 | K24: 0.58 | L24: 0.53 | M24: 0.59 | N24: 0.42 | O24: 0.48 | P24: 0.4 | Q24: 0.47 | R24: 0.51 | S24: 0.42 | T24: 0.46 | U24: 0.49 | V24: 0.47 | W24: 0.49 | X24: 0.47 | Y24: 0.58 | Z24: 0.33 | AA24: 0.27 | AB24: 0.29 | AC24: 0.38 | AD24: 0.38 | AE24: 0.36 | AF24: 0.35 | AG24: 0.42 | AH24: 0.37 | AI24: 0.32 | AJ24: 0.35 | AK24: 0.42
A25: =Districts_Setup!$B$24 -> Morbi | B25: 0.61 | C25: 0.5 | D25: 0.59 | E25: 0.63 | F25: 0.57 | G25: 0.4 | H25: 0.52 | I25: 0.57 | J25: 0.41 | K25: 0.43 | L25: 0.48 | M25: 0.58 | N25: 0.31 | O25: 0.29 | P25: 0.37 | Q25: 0.5 | R25: 0.44 | S25: 0.38 | T25: 0.42 | U25: 0.51 | V25: 0.52 | W25: 0.46 | X25: 0.48 | Y25: 0.52 | Z25: 0.3 | AA25: 0.31 | AB25: 0.3 | AC25: 0.32 | AD25: 0.38 | AE25: 0.36 | AF25: 0.38 | AG25: 0.4 | AH25: 0.34 | AI25: 0.36 | AJ25: 0.36 | AK25: 0.39
A26: =Districts_Setup!$B$25 -> Narmada | B26: 0.69 | C26: 0.57 | D26: 0.63 | E26: 0.62 | F26: 0.51 | G26: 0.51 | H26: 0.57 | I26: 0.59 | J26: 0.45 | K26: 0.47 | L26: 0.56 | M26: 0.49 | N26: 0.4 | O26: 0.36 | P26: 0.43 | Q26: 0.41 | R26: 0.5 | S26: 0.42 | T26: 0.46 | U26: 0.44 | V26: 0.3 | W26: 0.48 | X26: 0.59 | Y26: 0.66 | Z26: 0.27 | AA26: 0.27 | AB26: 0.36 | AC26: 0.39 | AD26: 0.32 | AE26: 0.36 | AF26: 0.42 | AG26: 0.45 | AH26: 0.33 | AI26: 0.35 | AJ26: 0.38 | AK26: 0.44
A27: =Districts_Setup!$B$26 -> Navsari | B27: 0.59 | C27: 0.51 | D27: 0.6 | E27: 0.57 | F27: 0.5 | G27: 0.47 | H27: 0.56 | I27: 0.52 | J27: 0.55 | K27: 0.47 | L27: 0.55 | M27: 0.58 | N27: 0.42 | O27: 0.36 | P27: 0.41 | Q27: 0.46 | R27: 0.51 | S27: 0.42 | T27: 0.51 | U27: 0.49 | V27: 0.53 | W27: 0.5 | X27: 0.59 | Y27: 0.56 | Z27: 0.37 | AA27: 0.3 | AB27: 0.38 | AC27: 0.37 | AD27: 0.45 | AE27: 0.38 | AF27: 0.46 | AG27: 0.41 | AH27: 0.42 | AI27: 0.37 | AJ27: 0.44 | AK27: 0.41
A28: =Districts_Setup!$B$27 -> Panchmahal | B28: 0.59 | C28: 0.58 | D28: 0.61 | E28: 0.62 | F28: 0.44 | G28: 0.5 | H28: 0.56 | I28: 0.59 | J28: 0.54 | K28: 0.48 | L28: 0.52 | M28: 0.55 | N28: 0.4 | O28: 0.34 | P28: 0.43 | Q28: 0.47 | R28: 0.43 | S28: 0.44 | T28: 0.47 | U28: 0.47 | V28: 0.51 | W28: 0.39 | X28: 0.47 | Y28: 0.51 | Z28: 0.29 | AA28: 0.27 | AB28: 0.3 | AC28: 0.33 | AD28: 0.35 | AE28: 0.34 | AF28: 0.36 | AG28: 0.41 | AH28: 0.37 | AI28: 0.32 | AJ28: 0.35 | AK28: 0.4
A29: =Districts_Setup!$B$28 -> Patan | B29: 0.53 | C29: 0.4 | D29: 0.52 | E29: 0.57 | F29: 0.59 | G29: 0.33 | H29: 0.47 | I29: 0.54 | J29: 0.47 | K29: 0.37 | L29: 0.5 | M29: 0.63 | N29: 0.4 | O29: 0.31 | P29: 0.38 | Q29: 0.51 | R29: 0.44 | S29: 0.33 | T29: 0.44 | U29: 0.56 | V29: 0.5 | W29: 0.5 | X29: 0.44 | Y29: 0.64 | Z29: 0.34 | AA29: 0.3 | AB29: 0.29 | AC29: 0.4 | AD29: 0.42 | AE29: 0.35 | AF29: 0.36 | AG29: 0.45 | AH29: 0.41 | AI29: 0.37 | AJ29: 0.35 | AK29: 0.43
A30: =Districts_Setup!$B$29 -> Porbandar | B30: 0.57 | C30: 0.4 | D30: 0.51 | E30: 0.53 | F30: 0.53 | G30: 0.37 | H30: 0.47 | I30: 0.52 | J30: 0.5 | K30: 0.48 | L30: 0.52 | M30: 0.61 | N30: 0.33 | O30: 0.33 | P30: 0.39 | Q30: 0.44 | R30: 0.41 | S30: 0.38 | T30: 0.45 | U30: 0.53 | V30: 0.52 | W30: 0.43 | X30: 0.48 | Y30: 0.6 | Z30: 0.3 | AA30: 0.28 | AB30: 0.3 | AC30: 0.34 | AD30: 0.37 | AE30: 0.34 | AF30: 0.37 | AG30: 0.4 | AH30: 0.37 | AI30: 0.33 | AJ30: 0.36 | AK30: 0.4
A31: =Districts_Setup!$B$30 -> Rajkot | B31: 0.54 | C31: 0.47 | D31: 0.54 | E31: 0.65 | F31: 0.51 | G31: 0.43 | H31: 0.47 | I31: 0.58 | J31: 0.51 | K31: 0.42 | L31: 0.45 | M31: 0.56 | N31: 0.39 | O31: 0.35 | P31: 0.37 | Q31: 0.47 | R31: 0.44 | S31: 0.39 | T31: 0.41 | U31: 0.5 | V31: 0.52 | W31: 0.48 | X31: 0.5 | Y31: 0.6 | Z31: 0.31 | AA31: 0.28 | AB31: 0.31 | AC31: 0.4 | AD31: 0.39 | AE31: 0.35 | AF31: 0.38 | AG31: 0.44 | AH31: 0.41 | AI31: 0.32 | AJ31: 0.38 | AK31: 0.44
A32: =Districts_Setup!$B$31 -> Sabarkantha | B32: 0.59 | C32: 0.55 | D32: 0.7 | E32: 0.65 | F32: 0.57 | G32: 0.52 | H32: 0.66 | I32: 0.6 | J32: 0.45 | K32: 0.44 | L32: 0.51 | M32: 0.52 | N32: 0.34 | O32: 0.36 | P32: 0.39 | Q32: 0.46 | R32: 0.39 | S32: 0.38 | T32: 0.43 | U32: 0.48 | V32: 0.46 | W32: 0.44 | X32: 0.45 | Y32: 0.6 | Z32: 0.32 | AA32: 0.28 | AB32: 0.3 | AC32: 0.37 | AD32: 0.37 | AE32: 0.31 | AF32: 0.37 | AG32: 0.42 | AH32: 0.32 | AI32: 0.33 | AJ32: 0.36 | AK32: 0.43
A33: =Districts_Setup!$B$32 -> Surat | B33: 0.48 | C33: 0.58 | D33: 0.57 | E33: 0.55 | F33: 0.48 | G33: 0.5 | H33: 0.52 | I33: 0.48 | J33: 0.55 | K33: 0.46 | L33: 0.57 | M33: 0.58 | N33: 0.44 | O33: 0.34 | P33: 0.45 | Q33: 0.47 | R33: 0.48 | S33: 0.39 | T33: 0.49 | U33: 0.49 | V33: 0.58 | W33: 0.5 | X33: 0.58 | Y33: 0.6 | Z33: 0.33 | AA33: 0.3 | AB33: 0.37 | AC33: 0.3 | AD33: 0.42 | AE33: 0.37 | AF33: 0.42 | AG33: 0.43 | AH33: 0.41 | AI33: 0.37 | AJ33: 0.43 | AK33: 0.44
A34: =Districts_Setup!$B$33 -> Surendranagar | B34: 0.62 | C34: 0.4 | D34: 0.62 | E34: 0.68 | F34: 0.52 | G34: 0.38 | H34: 0.55 | I34: 0.58 | J34: 0.6 | K34: 0.4 | L34: 0.53 | M34: 0.69 | N34: 0.44 | O34: 0.45 | P34: 0.42 | Q34: 0.52 | R34: 0.51 | S34: 0.38 | T34: 0.47 | U34: 0.59 | V34: 0.59 | W34: 0.43 | X34: 0.45 | Y34: 0.51 | Z34: 0.35 | AA34: 0.35 | AB34: 0.3 | AC34: 0.33 | AD34: 0.37 | AE34: 0.37 | AF34: 0.35 | AG34: 0.43 | AH34: 0.37 | AI34: 0.34 | AJ34: 0.34 | AK34: 0.4
A35: =Districts_Setup!$B$34 -> Tapi | B35: 0.51 | C35: 0.62 | D35: 0.68 | E35: 0.61 | F35: 0.54 | G35: 0.56 | H35: 0.66 | I35: 0.59 | J35: 0.56 | K35: 0.52 | L35: 0.57 | M35: 0.65 | N35: 0.39 | O35: 0.4 | P35: 0.47 | Q35: 0.53 | R35: 0.46 | S35: 0.48 | T35: 0.51 | U35: 0.6 | V35: 0.39 | W35: 0.51 | X35: 0.6 | Y35: 0.62 | Z35: 0.35 | AA35: 0.3 | AB35: 0.36 | AC35: 0.36 | AD35: 0.35 | AE35: 0.38 | AF35: 0.45 | AG35: 0.44 | AH35: 0.34 | AI35: 0.38 | AJ35: 0.42 | AK35: 0.4
A36: =Districts_Setup!$B$35 -> Vadodara | B36: 0.52 | C36: 0.49 | D36: 0.51 | E36: 0.54 | F36: 0.48 | G36: 0.45 | H36: 0.47 | I36: 0.48 | J36: 0.52 | K36: 0.46 | L36: 0.53 | M36: 0.56 | N36: 0.41 | O36: 0.36 | P36: 0.4 | Q36: 0.45 | R36: 0.45 | S36: 0.42 | T36: 0.46 | U36: 0.48 | V36: 0.56 | W36: 0.53 | X36: 0.52 | Y36: 0.58 | Z36: 0.34 | AA36: 0.3 | AB36: 0.32 | AC36: 0.37 | AD36: 0.45 | AE36: 0.38 | AF36: 0.4 | AG36: 0.44 | AH36: 0.44 | AI36: 0.36 | AJ36: 0.39 | AK36: 0.43
A37: =Districts_Setup!$B$36 -> Valsad | B37: 0.57 | C37: 0.6 | D37: 0.61 | E37: 0.58 | F37: 0.54 | G37: 0.52 | H37: 0.54 | I37: 0.54 | J37: 0.52 | K37: 0.49 | L37: 0.56 | M37: 0.53 | N37: 0.36 | O37: 0.37 | P37: 0.44 | Q37: 0.44 | R37: 0.45 | S37: 0.43 | T37: 0.48 | U37: 0.46 | V37: 0.58 | W37: 0.44 | X37: 0.65 | Y37: 0.61 | Z37: 0.37 | AA37: 0.27 | AB37: 0.44 | AC37: 0.37 | AD37: 0.5 | AE37: 0.34 | AF37: 0.5 | AG37: 0.45 | AH37: 0.41 | AI37: 0.34 | AJ37: 0.46 | AK37: 0.43

Sheet PARAKH_Contextual_School
A1: Gujarat - PARAKH Contextual Variables: School Questionnaire (Broader Domains), All 33 Districts - High vs Low Performing
A2: Source: dashboard.parakh.ncert.gov.in (Contextual Variables tab). For EACH district, enter the % of High-Performing schools and the % of Low-Performing schools reporting this domain issue, as a decimal 0-1 (e.g. 0.62 for 62%).
A3: Broader Domain | B3: =Districts_Setup!$B$4 -> Ahmedabad | D3: =Districts_Setup!$B$5 -> Amreli | F3: =Districts_Setup!$B$6 -> Anand | H3: =Districts_Setup!$B$7 -> Aravalli | J3: =Districts_Setup!$B$8 -> Banaskantha | L3: =Districts_Setup!$B$9 -> Bharuch | N3: =Districts_Setup!$B$10 -> Bhavnagar | P3: =Districts_Setup!$B$11 -> Botad | R3: =Districts_Setup!$B$12 -> Chhota Udepur | T3: =Districts_Setup!$B$13 -> Dahod | V3: =Districts_Setup!$B$14 -> Dang | X3: =Districts_Setup!$B$15 -> Devbhoomi Dwarka | Z3: =Districts_Setup!$B$16 -> Gandhinagar | AB3: =Districts_Setup!$B$17 -> Gir Somnath | AD3: =Districts_Setup!$B$18 -> Jamnagar | AF3: =Districts_Setup!$B$19 -> Junagadh | AH3: =Districts_Setup!$B$20 -> Kutch | AJ3: =Districts_Setup!$B$21 -> Kheda | AL3: =Districts_Setup!$B$22 -> Mahisagar | AN3: =Districts_Setup!$B$23 -> Mehsana | AP3: =Districts_Setup!$B$24 -> Morbi | AR3: =Districts_Setup!$B$25 -> Narmada | AT3: =Districts_Setup!$B$26 -> Navsari | AV3: =Districts_Setup!$B$27 -> Panchmahal | AX3: =Districts_Setup!$B$28 -> Patan | AZ3: =Districts_Setup!$B$29 -> Porbandar | BB3: =Districts_Setup!$B$30 -> Rajkot | BD3: =Districts_Setup!$B$31 -> Sabarkantha | BF3: =Districts_Setup!$B$32 -> Surat | BH3: =Districts_Setup!$B$33 -> Surendranagar | BJ3: =Districts_Setup!$B$34 -> Tapi | BL3: =Districts_Setup!$B$35 -> Vadodara | BN3: =Districts_Setup!$B$36 -> Valsad | BP3: Gujarat Avg - High-Performing | BQ3: Gujarat Avg - Low-Performing | BR3: National (%) | BS3: How to Enter This Value
B4: High-Performing (%) | C4: Low-Performing (%) | D4: High-Performing (%) | E4: Low-Performing (%) | F4: High-Performing (%) | G4: Low-Performing (%) | H4: High-Performing (%) | I4: Low-Performing (%) | J4: High-Performing (%) | K4: Low-Performing (%) | L4: High-Performing (%) | M4: Low-Performing (%) | N4: High-Performing (%) | O4: Low-Performing (%) | P4: High-Performing (%) | Q4: Low-Performing (%) | R4: High-Performing (%) | S4: Low-Performing (%) | T4: High-Performing (%) | U4: Low-Performing (%) | V4: High-Performing (%) | W4: Low-Performing (%) | X4: High-Performing (%) | Y4: Low-Performing (%) | Z4: High-Performing (%) | AA4: Low-Performing (%) | AB4: High-Performing (%) | AC4: Low-Performing (%) | AD4: High-Performing (%) | AE4: Low-Performing (%) | AF4: High-Performing (%) | AG4: Low-Performing (%) | AH4: High-Performing (%) | AI4: Low-Performing (%) | AJ4: High-Performing (%) | AK4: Low-Performing (%) | AL4: High-Performing (%) | AM4: Low-Performing (%) | AN4: High-Performing (%) | AO4: Low-Performing (%) | AP4: High-Performing (%) | AQ4: Low-Performing (%) | AR4: High-Performing (%) | AS4: Low-Performing (%) | AT4: High-Performing (%) | AU4: Low-Performing (%) | AV4: High-Performing (%) | AW4: Low-Performing (%) | AX4: High-Performing (%) | AY4: Low-Performing (%) | AZ4: High-Performing (%) | BA4: Low-Performing (%) | BB4: High-Performing (%) | BC4: Low-Performing (%) | BD4: High-Performing (%) | BE4: Low-Performing (%) | BF4: High-Performing (%) | BG4: Low-Performing (%) | BH4: High-Performing (%) | BI4: Low-Performing (%) | BJ4: High-Performing (%) | BK4: Low-Performing (%) | BL4: High-Performing (%) | BM4: Low-Performing (%) | BN4: High-Performing (%) | BO4: Low-Performing (%)
A5: School leadership and policy implementation | B5: 0.78 | C5: 0.78 | D5: 0.71368421 | E5: 0.71157895 | F5: 0.78105263 | G5: 0.78105263 | H5: 0.77842105 | I5: 0.76315789 | J5: 0.77947368 | K5: 0.78368421 | L5: 0.77947368 | M5: 0.78368421 | N5: 0.78105263 | O5: 0.77789474 | P5: 0.77894737 | Q5: 0.78 | R5: 0.77684211 | S5: 0.76421053 | T5: 0.77789474 | U5: 0.76631579 | V5: 0.74 | W5: 0.75 | X5: 0.76 | Y5: 0.77 | Z5: 0.78473684 | AA5: 0.78157895 | AB5: 0.80052632 | AC5: 0.78789474 | AD5: 0.76526316 | AE5: 0.75789474 | AF5: 0.77210526 | AG5: 0.77526316 | AH5: 0.75684211 | AI5: 0.75157895 | AJ5: 0.71578947 | AK5: 0.70368421 | AL5: 0.79421053 | AM5: 0.79947368 | AN5: 0.75894737 | AO5: 0.74842105 | AP5: 0.73684211 | AQ5: 0.72947368 | AR5: 0.76684211 | AS5: 0.77 | AT5: 0.76263158 | AU5: 0.74368421 | AV5: 0.77052632 | AW5: 0.76842105 | AX5: 0.79105263 | AY5: 0.78368421 | AZ5: 0.80631579 | BA5: 0.80894737 | BB5: 0.77421053 | BC5: 0.76526316 | BD5: 0.78157895 | BE5: 0.77842105 | BF5: 0.73578947 | BG5: 0.73157895 | BH5: 0.79736842 | BI5: 0.80210526 | BJ5: 0.76947368 | BK5: 0.75947368 | BL5: 0.77578947 | BM5: 0.75789474 | BN5: 0.74052632 | BO5: 0.74421053 | BP5: =IFERROR(AVERAGE(B5,D5,F5,H5,J5,L5,N5,P5,R5,T5,V5,X5,Z5,AB5,AD5,AF5,AH5,AJ5,AL5,AN5,AP5,AR5,AT5,AV5,AX5,AZ5,BB5,BD5,BF5,BH5,BJ5,BL5,BN5),0) -> 0.7692185 | BQ5: =IFERROR(AVERAGE(C5,E5,G5,I5,K5,M5,O5,Q5,S5,U5,W5,Y5,AA5,AC5,AE5,AG5,AI5,AK5,AM5,AO5,AQ5,AS5,AU5,AW5,AY5,BA5,BC5,BE5,BG5,BI5,BK5,BM5,BO5),0) -> 0.76547049 | BS5: Enter the decimal proportion 0-1 (e.g. 0.62 for 62%) reported for High-Performing and Low-Performing schools in this district, for this domain.
A6: Training and professional development | B6: 0.73 | C6: 0.72 | D6: 0.69214286 | E6: 0.68071429 | F6: 0.67857143 | G6: 0.68285714 | H6: 0.67 | I6: 0.66428571 | J6: 0.66714286 | K6: 0.67928571 | L6: 0.66714286 | M6: 0.67928571 | N6: 0.67571429 | O6: 0.68857143 | P6: 0.66928571 | Q6: 0.68 | R6: 0.65642857 | S6: 0.63571429 | T6: 0.72071429 | U6: 0.70928571 | V6: 0.68714286 | W6: 0.695 | X6: 0.7 | Y6: 0.7 | Z6: 0.66142857 | AA6: 0.65214286 | AB6: 0.67071429 | AC6: 0.66 | AD6: 0.67285714 | AE6: 0.65071429 | AF6: 0.63571429 | AG6: 0.64071429 | AH6: 0.66857143 | AI6: 0.65071429 | AJ6: 0.59857143 | AK6: 0.585 | AL6: 0.60714286 | AM6: 0.62071429 | AN6: 0.57142857 | AO6: 0.56857143 | AP6: 0.58 | AQ6: 0.56 | AR6: 0.67214286 | AS6: 0.67857143 | AT6: 0.70428571 | AU6: 0.69285714 | AV6: 0.60428571 | AW6: 0.60928571 | AX6: 0.70571429 | AY6: 0.72285714 | AZ6: 0.74071429 | BA6: 0.74928571 | BB6: 0.61785714 | BC6: 0.59857143 | BD6: 0.69928571 | BE6: 0.70214286 | BF6: 0.66571429 | BG6: 0.63642857 | BH6: 0.67214286 | BI6: 0.66928571 | BJ6: 0.66785714 | BK6: 0.655 | BL6: 0.63071429 | BM6: 0.63142857 | BN6: 0.65785714 | BO6: 0.65285714 | BP6: =IFERROR(AVERAGE(B6,D6,F6,H6,J6,L6,N6,P6,R6,T6,V6,X6,Z6,AB6,AD6,AF6,AH6,AJ6,AL6,AN6,AP6,AR6,AT6,AV6,AX6,AZ6,BB6,BD6,BF6,BH6,BJ6,BL6,BN6),0) -> 0.66422078 | BQ6: =IFERROR(AVERAGE(C6,E6,G6,I6,K6,M6,O6,Q6,S6,U6,W6,Y6,AA6,AC6,AE6,AG6,AI6,AK6,AM6,AO6,AQ6,AS6,AU6,AW6,AY6,BA6,BC6,BE6,BG6,BI6,BK6,BM6,BO6),0) -> 0.660671
A7: Teaching and assessment practices | B7: 0.94 | C7: 0.94 | D7: 0.91466667 | E7: 0.91466667 | F7: 0.924 | G7: 0.92066667 | H7: 0.87066667 | I7: 0.86666667 | J7: 0.91 | K7: 0.91133333 | L7: 0.91 | M7: 0.91133333 | N7: 0.92066667 | O7: 0.92533333 | P7: 0.91133333 | Q7: 0.91133333 | R7: 0.89866667 | S7: 0.89266667 | T7: 0.904 | U7: 0.89333333 | V7: 0.95933333 | W7: 0.95933333 | X7: 0.93866667 | Y7: 0.93866667 | Z7: 0.90133333 | AA7: 0.898 | AB7: 0.92466667 | AC7: 0.914 | AD7: 0.90333333 | AE7: 0.89733333 | AF7: 0.88133333 | AG7: 0.87733333 | AH7: 0.90866667 | AI7: 0.90733333 | AJ7: 0.882 | AK7: 0.88066667 | AL7: 0.926 | AM7: 0.932 | AN7: 0.89733333 | AO7: 0.88666667 | AP7: 0.91333333 | AQ7: 0.914 | AR7: 0.938 | AS7: 0.93933333 | AT7: 0.94866667 | AU7: 0.93866667 | AV7: 0.91466667 | AW7: 0.91533333 | AX7: 0.91466667 | AY7: 0.91466667 | AZ7: 0.938 | BA7: 0.93666667 | BB7: 0.90866667 | BC7: 0.906 | BD7: 0.902 | BE7: 0.894 | BF7: 0.928 | BG7: 0.92666667 | BH7: 0.92933333 | BI7: 0.91866667 | BJ7: 0.94666667 | BK7: 0.944 | BL7: 0.894 | BM7: 0.90866667 | BN7: 0.886 | BO7: 0.88866667 | BP7: =IFERROR(AVERAGE(B7,D7,F7,H7,J7,L7,N7,P7,R7,T7,V7,X7,Z7,AB7,AD7,AF7,AH7,AJ7,AL7,AN7,AP7,AR7,AT7,AV7,AX7,AZ7,BB7,BD7,BF7,BH7,BJ7,BL7,BN7),0) -> 0.91480808 | BQ7: =IFERROR(AVERAGE(C7,E7,G7,I7,K7,M7,O7,Q7,S7,U7,W7,Y7,AA7,AC7,AE7,AG7,AI7,AK7,AM7,AO7,AQ7,AS7,AU7,AW7,AY7,BA7,BC7,BE7,BG7,BI7,BK7,BM7,BO7),0) -> 0.91284848
A8: Learning resources | B8: 0.69 | C8: 0.68 | D8: 0.65571429 | E8: 0.64714286 | F8: 0.73571429 | G8: 0.74142857 | H8: 0.66428571 | I8: 0.66285714 | J8: 0.70142857 | K8: 0.70142857 | L8: 0.70142857 | M8: 0.70142857 | N8: 0.70142857 | O8: 0.7 | P8: 0.68142857 | Q8: 0.67571429 | R8: 0.66714286 | S8: 0.66428571 | T8: 0.66428571 | U8: 0.65428571 | V8: 0.71857143 | W8: 0.71857143 | X8: 0.71714286 | Y8: 0.71857143 | Z8: 0.72714286 | AA8: 0.72714286 | AB8: 0.67857143 | AC8: 0.66714286 | AD8: 0.67285714 | AE8: 0.68714286 | AF8: 0.67571429 | AG8: 0.67285714 | AH8: 0.67857143 | AI8: 0.68 | AJ8: 0.67571429 | AK8: 0.66571429 | AL8: 0.69714286 | AM8: 0.67571429 | AN8: 0.69714286 | AO8: 0.7 | AP8: 0.70857143 | AQ8: 0.71 | AR8: 0.68285714 | AS8: 0.68285714 | AT8: 0.70714286 | AU8: 0.69571429 | AV8: 0.67 | AW8: 0.67428571 | AX8: 0.7 | AY8: 0.69571429 | AZ8: 0.68142857 | BA8: 0.67857143 | BB8: 0.71428571 | BC8: 0.69571429 | BD8: 0.65142857 | BE8: 0.66 | BF8: 0.69428571 | BG8: 0.69285714 | BH8: 0.69714286 | BI8: 0.69714286 | BJ8: 0.70142857 | BK8: 0.69571429 | BL8: 0.69857143 | BM8: 0.69571429 | BN8: 0.70714286 | BO8: 0.68857143 | BP8: =IFERROR(AVERAGE(B8,D8,F8,H8,J8,L8,N8,P8,R8,T8,V8,X8,Z8,AB8,AD8,AF8,AH8,AJ8,AL8,AN8,AP8,AR8,AT8,AV8,AX8,AZ8,BB8,BD8,BF8,BH8,BJ8,BL8,BN8),0) -> 0.69138528 | BQ8: =IFERROR(AVERAGE(C8,E8,G8,I8,K8,M8,O8,Q8,S8,U8,W8,Y8,AA8,AC8,AE8,AG8,AI8,AK8,AM8,AO8,AQ8,AS8,AU8,AW8,AY8,BA8,BC8,BE8,BG8,BI8,BK8,BM8,BO8),0) -> 0.68800866
A9: Parental and community engagement | B9: 0.84 | C9: 0.83 | D9: 0.81625 | E9: 0.82125 | F9: 0.84875 | G9: 0.8475 | H9: 0.80875 | I9: 0.815 | J9: 0.85 | K9: 0.85 | L9: 0.85 | M9: 0.85 | N9: 0.855 | O9: 0.85375 | P9: 0.83 | Q9: 0.82875 | R9: 0.82875 | S9: 0.82625 | T9: 0.82 | U9: 0.8175 | V9: 0.84 | W9: 0.83625 | X9: 0.85125 | Y9: 0.84125 | Z9: 0.8175 | AA9: 0.8225 | AB9: 0.835 | AC9: 0.83375 | AD9: 0.8325 | AE9: 0.82875 | AF9: 0.7925 | AG9: 0.795 | AH9: 0.8075 | AI9: 0.8025 | AJ9: 0.7925 | AK9: 0.79375 | AL9: 0.85 | AM9: 0.84875 | AN9: 0.83 | AO9: 0.8325 | AP9: 0.815 | AQ9: 0.81875 | AR9: 0.82875 | AS9: 0.8275 | AT9: 0.83375 | AU9: 0.835 | AV9: 0.8375 | AW9: 0.84 | AX9: 0.84125 | AY9: 0.84625 | AZ9: 0.83 | BA9: 0.83125 | BB9: 0.81375 | BC9: 0.80875 | BD9: 0.8175 | BE9: 0.815 | BF9: 0.825 | BG9: 0.82125 | BH9: 0.82125 | BI9: 0.82 | BJ9: 0.7925 | BK9: 0.79125 | BL9: 0.79875 | BM9: 0.80625 | BN9: 0.82 | BO9: 0.81875 | BP9: =IFERROR(AVERAGE(B9,D9,F9,H9,J9,L9,N9,P9,R9,T9,V9,X9,Z9,AB9,AD9,AF9,AH9,AJ9,AL9,AN9,AP9,AR9,AT9,AV9,AX9,AZ9,BB9,BD9,BF9,BH9,BJ9,BL9,BN9),0) -> 0.82640152 | BQ9: =IFERROR(AVERAGE(C9,E9,G9,I9,K9,M9,O9,Q9,S9,U9,W9,Y9,AA9,AC9,AE9,AG9,AI9,AK9,AM9,AO9,AQ9,AS9,AU9,AW9,AY9,BA9,BC9,BE9,BG9,BI9,BK9,BM9,BO9),0) -> 0.82590909
A10: School monitoring | B10: 0.39 | C10: 0.4 | D10: 0.47888889 | E10: 0.47777778 | F10: 0.43 | G10: 0.43444444 | H10: 0.45 | I10: 0.45444444 | J10: 0.46666667 | K10: 0.46222222 | L10: 0.46666667 | M10: 0.46222222 | N10: 0.41888889 | O10: 0.42444444 | P10: 0.44888889 | Q10: 0.44888889 | R10: 0.53333333 | S10: 0.53111111 | T10: 0.46666667 | U10: 0.44888889 | V10: 0.59222222 | W10: 0.58888889 | X10: 0.48777778 | Y10: 0.48333333 | Z10: 0.40222222 | AA10: 0.40777778 | AB10: 0.54111111 | AC10: 0.52555556 | AD10: 0.40777778 | AE10: 0.40333333 | AF10: 0.47888889 | AG10: 0.48555556 | AH10: 0.42444444 | AI10: 0.42555556 | AJ10: 0.44222222 | AK10: 0.45777778 | AL10: 0.44111111 | AM10: 0.43444444 | AN10: 0.41777778 | AO10: 0.42222222 | AP10: 0.40222222 | AQ10: 0.41333333 | AR10: 0.51222222 | AS10: 0.49777778 | AT10: 0.49333333 | AU10: 0.48 | AV10: 0.45777778 | AW10: 0.46777778 | AX10: 0.47777778 | AY10: 0.48222222 | AZ10: 0.48222222 | BA10: 0.48555556 | BB10: 0.44111111 | BC10: 0.42666667 | BD10: 0.46333333 | BE10: 0.46444444 | BF10: 0.44222222 | BG10: 0.44444444 | BH10: 0.42111111 | BI10: 0.42555556 | BJ10: 0.42555556 | BK10: 0.42888889 | BL10: 0.39333333 | BM10: 0.42111111 | BN10: 0.44888889 | BO10: 0.43444444 | BP10: =IFERROR(AVERAGE(B10,D10,F10,H10,J10,L10,N10,P10,R10,T10,V10,X10,Z10,AB10,AD10,AF10,AH10,AJ10,AL10,AN10,AP10,AR10,AT10,AV10,AX10,AZ10,BB10,BD10,BF10,BH10,BJ10,BL10,BN10),0) -> 0.4559596 | BQ10: =IFERROR(AVERAGE(C10,E10,G10,I10,K10,M10,O10,Q10,S10,U10,W10,Y10,AA10,AC10,AE10,AG10,AI10,AK10,AM10,AO10,AQ10,AS10,AU10,AW10,AY10,BA10,BC10,BE10,BG10,BI10,BK10,BM10,BO10),0) -> 0.45609428
A11: Student development and support systems | B11: 0.73 | C11: 0.72 | D11: 0.7215 | E11: 0.7175 | F11: 0.717 | G11: 0.7135 | H11: 0.707 | I11: 0.7025 | J11: 0.6805 | K11: 0.6765 | L11: 0.6805 | M11: 0.6765 | N11: 0.7185 | O11: 0.717 | P11: 0.7075 | Q11: 0.7125 | R11: 0.719 | S11: 0.713 | T11: 0.713 | U11: 0.6975 | V11: 0.7305 | W11: 0.729 | X11: 0.7225 | Y11: 0.712 | Z11: 0.7015 | AA11: 0.69 | AB11: 0.678 | AC11: 0.667 | AD11: 0.739 | AE11: 0.73 | AF11: 0.7125 | AG11: 0.716 | AH11: 0.738 | AI11: 0.724 | AJ11: 0.699 | AK11: 0.6945 | AL11: 0.724 | AM11: 0.71 | AN11: 0.717 | AO11: 0.716 | AP11: 0.7105 | AQ11: 0.693 | AR11: 0.706 | AS11: 0.706 | AT11: 0.74 | AU11: 0.739 | AV11: 0.7205 | AW11: 0.7235 | AX11: 0.697 | AY11: 0.693 | AZ11: 0.7145 | BA11: 0.713 | BB11: 0.7125 | BC11: 0.6965 | BD11: 0.7235 | BE11: 0.7235 | BF11: 0.7435 | BG11: 0.7315 | BH11: 0.7125 | BI11: 0.7095 | BJ11: 0.709 | BK11: 0.7 | BL11: 0.7195 | BM11: 0.702 | BN11: 0.7215 | BO11: 0.7155 | BP11: =IFERROR(AVERAGE(B11,D11,F11,H11,J11,L11,N11,P11,R11,T11,V11,X11,Z11,AB11,AD11,AF11,AH11,AJ11,AL11,AN11,AP11,AR11,AT11,AV11,AX11,AZ11,BB11,BD11,BF11,BH11,BJ11,BL11,BN11),0) -> 0.71475758 | BQ11: =IFERROR(AVERAGE(C11,E11,G11,I11,K11,M11,O11,Q11,S11,U11,W11,Y11,AA11,AC11,AE11,AG11,AI11,AK11,AM11,AO11,AQ11,AS11,AU11,AW11,AY11,BA11,BC11,BE11,BG11,BI11,BK11,BM11,BO11),0) -> 0.70851515
A12: School infrastructure/facilities | B12: 0.48 | C12: 0.48 | D12: 0.48 | E12: 0.48 | F12: 0.54 | G12: 0.53 | H12: 0.47 | I12: 0.47 | J12: 0.51 | K12: 0.51 | L12: 0.51 | M12: 0.51 | N12: 0.49 | O12: 0.49 | P12: 0.5 | Q12: 0.5 | R12: 0.5 | S12: 0.5 | T12: 0.47 | U12: 0.45 | V12: 0.56 | W12: 0.56 | X12: 0.5 | Y12: 0.49 | Z12: 0.5 | AA12: 0.51 | AB12: 0.49 | AC12: 0.48 | AD12: 0.48 | AE12: 0.49 | AF12: 0.49 | AG12: 0.48 | AH12: 0.52 | AI12: 0.51 | AJ12: 0.49 | AK12: 0.49 | AL12: 0.5 | AM12: 0.51 | AN12: 0.49 | AO12: 0.5 | AP12: 0.47 | AQ12: 0.46 | AR12: 0.53 | AS12: 0.52 | AT12: 0.51 | AU12: 0.51 | AV12: 0.51 | AW12: 0.52 | AX12: 0.49 | AY12: 0.49 | AZ12: 0.49 | BA12: 0.49 | BB12: 0.5 | BC12: 0.48 | BD12: 0.49 | BE12: 0.48 | BF12: 0.53 | BG12: 0.53 | BH12: 0.49 | BI12: 0.48 | BJ12: 0.53 | BK12: 0.52 | BL12: 0.5 | BM12: 0.49 | BN12: 0.55 | BO12: 0.55 | BP12: =IFERROR(AVERAGE(B12,D12,F12,H12,J12,L12,N12,P12,R12,T12,V12,X12,Z12,AB12,AD12,AF12,AH12,AJ12,AL12,AN12,AP12,AR12,AT12,AV12,AX12,AZ12,BB12,BD12,BF12,BH12,BJ12,BL12,BN12),0) -> 0.50181818 | BQ12: =IFERROR(AVERAGE(C12,E12,G12,I12,K12,M12,O12,Q12,S12,U12,W12,Y12,AA12,AC12,AE12,AG12,AI12,AK12,AM12,AO12,AQ12,AS12,AU12,AW12,AY12,BA12,BC12,BE12,BG12,BI12,BK12,BM12,BO12),0) -> 0.49878788
